Customer_ID,Transactions_Per_Customer,Average_Transaction_Amount,Total_Transaction_Amount,Recency,Count_Type_Bill Payment,Count_Type_Investment,Count_Type_Loan Payment,Count_Type_Purchase
1,0.4166666666666667,0.5353728489483747,0.44735775104743886,0.13197969543147206,3,1,1,1
2,0.08333333333333333,0.4604843849585723,0.1249087714556021,0.34010152284263956,1,0,1,0
3,0.0,0.26598682812831953,0.033842411136640084,0.7614213197969543,1,0,0,0
4,0.08333333333333333,0.8203739111960908,0.2164887146911745,0.14213197969543145,0,0,1,1
5,0.3333333333333333,0.5680050987890375,0.3922692255710231,0.005076142131979695,2,1,0,2
6,0.16666666666666669,0.5549182069258551,0.22727395593999192,0.4974619289340101,0,1,2,0
7,0.08333333333333333,0.3186743148502231,0.08882281389376943,0.050761421319796954,0,0,2,0
8,0.4166666666666667,0.3730613979179945,0.32344911474523586,0.47715736040609136,1,0,4,1
9,0.5833333333333333,0.39919269173571276,0.46044060008109206,0.26903553299492383,1,3,2,2
10,0.4166666666666667,0.4945124282982792,0.4161643465333153,0.025380710659898477,3,1,0,2
11,0.0,1.0,0.1272334099202595,0.5736040609137055,1,0,0,0
12,0.3333333333333333,0.5942213724240493,0.4089471550209488,0.12182741116751268,3,0,2,0
13,0.6666666666666666,0.375704270235819,0.49206649547236114,0.1979695431472081,3,3,3,0
14,0.49999999999999994,0.5264202251965158,0.5152317880794702,0.15736040609137056,3,0,3,1
15,0.5833333333333333,0.6186275759507116,0.6837964589809434,0.14213197969543145,4,3,1,0
16,0.5833333333333333,0.6977650308051837,0.764346533315313,0.035532994923857864,0,5,3,0
17,0.3333333333333333,0.5546632674739749,0.3837815921070415,0.04568527918781726,1,3,0,1
18,0.25,0.36806883365200765,0.21051493445060146,0.2893401015228426,1,0,1,2
19,0.16666666666666669,0.4299277671553006,0.1795648060548723,0.0,2,1,0,0
20,0.0,0.875717017208413,0.11142046222462496,0.9390862944162436,0,0,1,0
21,0.4166666666666667,0.4416826003824092,0.37583457223949185,0.08629441624365482,0,3,2,1
22,0.16666666666666669,0.46611429785425956,0.19337748344370864,0.08121827411167512,0,0,3,0
23,0.7499999999999999,0.36649670703207987,0.5358845789971618,0.22842639593908629,1,3,3,3
24,0.25,0.8173996175908222,0.4391944857413164,0.3299492385786802,3,1,0,0
25,0.25,0.6147758657318887,0.3360724422219219,0.09644670050761421,2,0,0,2
26,0.25,0.41863182494157636,0.2362481416407623,0.3299492385786802,1,0,1,2
27,0.4166666666666667,0.4779052475037178,0.40348695769698606,0.12182741116751268,3,1,0,2
28,0.49999999999999994,0.576192904185256,0.5595621029868902,0.700507614213198,0,2,3,2
29,0.16666666666666669,0.24042277459103462,0.10723070685227734,0.06091370558375634,0,1,0,2
30,0.6666666666666666,0.4769959634586785,0.6080551425868361,0.13705583756345177,6,1,1,1
31,0.4166666666666667,0.46901848311026134,0.3967022570617651,0.33502538071065985,2,2,2,0
32,0.6666666666666666,0.6228085829615466,0.775023651844844,0.19289340101522842,3,2,3,1
33,0.16666666666666669,0.34792224346717654,0.14826327882146237,0.15228426395939085,0,3,0,0
34,0.4166666666666667,0.5073656256639048,0.4259764833085552,0.3299492385786802,2,1,1,2
35,0.16666666666666669,0.5435160399405141,0.2229220164887147,0.16751269035532992,1,1,1,0
36,0.6666666666666666,0.5198172933928191,0.657088795783214,0.09644670050761421,1,4,2,2
37,0.4166666666666667,0.40164011047376247,0.3452655764292472,0.31979695431472077,3,1,1,1
38,0.6666666666666666,0.5605120033991926,0.7036896877956481,0.04568527918781726,5,0,2,2
39,0.7499999999999999,0.4958997238155937,0.7005270982565213,0.09137055837563451,2,2,5,1
40,0.25,0.2850541746335245,0.16826598188944453,0.10152284263959391,0,2,0,2
41,0.25,0.8021032504780115,0.4314096499526963,0.01015228426395939,1,0,0,3
42,0.25,0.4242617378372636,0.2391133937018516,0.16243654822335024,1,0,0,3
43,0.3333333333333333,0.153813469301041,0.12877415867009057,0.45177664974619286,1,1,1,2
44,0.25,0.4253770979392394,0.23968103797810517,0.3959390862944162,3,0,0,1
45,0.25,0.5292649245804122,0.29255304770914986,0.10152284263959391,0,2,1,1
46,0.49999999999999994,0.19144678138942,0.21689417488849846,0.20304568527918782,0,2,2,3
47,0.5833333333333333,0.46141491395793505,0.5237734829030951,0.07106598984771573,1,3,2,2
48,0.25,0.542436796260888,0.29925665630490605,0.13197969543147206,0,1,1,2
49,0.16666666666666669,0.4120097726789887,0.17272604406000813,0.06091370558375634,1,1,0,1
50,0.4166666666666667,0.21294455066921603,0.20121638059197192,0.24365482233502536,2,2,2,0
51,0.4166666666666667,0.4192691735712768,0.3587241519124206,0.02030456852791878,1,1,2,2
52,0.5833333333333333,0.5664712130868919,0.6307068522773348,0.0,4,0,3,1
53,0.3333333333333333,0.6420225196515827,0.43935666982024596,0.4213197969543147,0,1,2,2
55,0.4166666666666667,0.6419864032292331,0.528747127990269,0.3299492385786802,1,1,1,3
56,0.3333333333333333,0.4545591671977905,0.3200986619813488,0.08121827411167512,1,2,0,2
57,0.08333333333333333,0.21223709369024857,0.06173807271252872,0.5380710659898477,1,0,1,0
58,0.25,0.2732101125982579,0.16223814028922828,0.2081218274111675,2,1,1,0
59,0.5833333333333333,0.5921521138729553,0.6568468711988107,0.06598984771573603,2,1,4,1
60,0.08333333333333333,0.23496919481623113,0.06752263819435059,0.5025380710659898,0,0,1,1
61,0.08333333333333333,0.13554280858296155,0.04222192188133531,0.07106598984771573,1,0,0,1
62,0.3333333333333333,0.24142766093052903,0.18451142046222466,0.17258883248730963,2,1,0,2
63,0.25,0.42490121096239647,0.23943911339370186,0.3096446700507614,3,0,0,1
64,0.0,0.8990864669640959,0.11439383700500068,0.6395939086294415,1,0,0,0
65,0.25,0.3463458678563841,0.19945938640356808,0.03045685279187817,1,1,0,2
66,0.49999999999999994,0.4749182069258551,0.46936207595621027,0.12690355329949238,0,2,2,3
67,0.4166666666666667,0.5591310813681751,0.4654953372077308,0.04568527918781726,2,1,1,2
68,0.49999999999999994,0.41548969619715315,0.4164346533315313,0.0,2,2,1,2
69,0.4166666666666667,0.3458678563841088,0.30268955264224895,0.07614213197969542,1,1,2,2
70,0.16666666666666669,0.3749033354578288,0.15856196783349102,0.1979695431472081,1,2,0,0
71,0.49999999999999994,0.31885702145740386,0.3303689687795648,0.02030456852791878,2,0,4,1
72,0.4166666666666667,0.7640046738899511,0.6218948506554941,0.14213197969543145,1,3,1,1
73,0.4166666666666667,0.3853834714255364,0.3328557913231518,0.04568527918781726,1,2,2,1
74,0.49999999999999994,0.16270660718079452,0.19129612109744562,0.005076142131979695,1,2,1,3
75,0.16666666666666669,0.5979031230082854,0.24368157859170161,0.17258883248730963,0,0,1,2
76,0.08333333333333333,0.5439770554493308,0.14615488579537778,0.4974619289340101,0,1,0,1
77,0.49999999999999994,0.41734438070958146,0.4180848763346398,0.36040609137055835,2,1,3,1
78,0.6666666666666666,0.5491586998087954,0.6906879308014597,0.38071065989847713,4,1,4,0
79,0.7499999999999999,0.5803909071595497,0.8080281119070145,0.005076142131979695,4,1,4,1
80,0.25,0.7292861695347355,0.3943505879172861,0.35532994923857864,1,0,2,1
81,0.5833333333333333,0.4778521351179095,0.5405054737126639,0.050761421319796954,2,1,3,2
82,0.25,0.7375717017208412,0.39856737396945535,0.005076142131979695,0,2,2,0
83,0.49999999999999994,0.4163394943700871,0.417191512366536,0.08121827411167512,3,2,2,0
84,0.5833333333333333,0.5454642022519651,0.6093255845384512,0.01015228426395939,3,0,2,3
85,0.3333333333333333,0.38172933928192054,0.2737667252331396,0.06091370558375634,2,1,1,1
86,0.3333333333333333,0.4479711068621202,0.3159075550750101,0.29441624365482233,2,1,1,1
87,0.49999999999999994,0.2876566815381347,0.30258142992296255,0.16751269035532992,1,1,3,2
89,0.08333333333333333,0.18546845124282982,0.054926341397486145,0.19289340101522842,0,1,0,1
90,0.4166666666666667,0.4901572126619928,0.4128395729152588,0.16243654822335024,1,1,1,3
91,0.16666666666666669,0.6318249415763757,0.25662927422624676,0.3096446700507614,1,2,0,0
92,0.3333333333333333,0.44652644996813257,0.3149885119610758,0.10152284263959391,2,1,1,1
93,0.16666666666666669,0.38212661992776714,0.16131909717529397,0.025380710659898477,0,1,1,1
94,0.08333333333333333,0.6838750796685786,0.1817542911204217,0.8934010152284263,1,0,0,1
95,0.5833333333333333,0.5167835139154451,0.5801324503311259,0.025380710659898477,1,2,2,3
96,0.25,0.4449755683025281,0.24965535883227466,0.015228426395939085,0,3,1,0
97,0.3333333333333333,0.3983853834714255,0.28436275172320585,0.0,1,1,1,2
98,0.08333333333333333,0.2768260038240918,0.0781740775780511,0.25888324873096447,2,0,0,0
99,0.3333333333333333,0.4864244741873805,0.3403703203135559,0.015228426395939085,4,0,0,1
100,0.25,0.24994688761419165,0.1503987025273686,0.04060913705583756,1,1,1,1
101,0.0,0.26896112173358827,0.03422084065414245,0.7055837563451776,0,1,0,0
102,0.08333333333333333,0.8957934990439771,0.23568049736450875,0.8172588832487309,0,1,0,1
103,0.5833333333333333,0.484359464627151,0.5471279902689553,0.15736040609137056,1,0,1,6
104,0.4166666666666667,0.588381134480561,0.4878240302743614,0.4213197969543147,2,2,2,0
105,0.49999999999999994,0.3190694710006373,0.330558183538316,0.31979695431472077,1,1,1,4
106,0.6666666666666666,0.3694731251327809,0.4849303959994594,0.005076142131979695,2,1,2,4
107,0.4166666666666667,0.26503080518376887,0.24097851060954184,0.02030456852791878,2,1,2,1
108,0.49999999999999994,0.6349203314212875,0.6118664684416814,0.15228426395939085,4,0,3,0
109,0.3333333333333333,0.25757382621627367,0.1947830787944317,0.38071065989847713,1,2,1,1
110,0.25,0.22089441257701298,0.13561292066495476,0.15736040609137056,2,0,1,1
111,0.4166666666666667,0.43021032504780116,0.36707663197729423,0.07106598984771573,2,2,2,0
112,0.49999999999999994,0.4194964945825367,0.42000270306798215,0.2081218274111675,3,1,2,1
113,0.5833333333333333,0.5190949649458254,0.5824841194756049,0.25888324873096447,2,2,2,2
114,0.08333333333333333,0.3387507966857871,0.09393161238005136,0.2842639593908629,1,1,0,0
115,0.25,0.24883365200764818,0.14983240978510612,0.04060913705583756,0,2,2,0
116,0.49999999999999994,0.6388379009985128,0.6153547776726586,0.10659898477157359,3,1,2,1
117,0.5833333333333333,0.5685680900786063,0.632842275983241,0.10152284263959391,0,4,2,2
118,0.16666666666666669,0.6947801147227533,0.28065954858764697,0.2842639593908629,1,2,0,0
119,0.16666666666666669,0.5165349479498618,0.21262332747668605,0.06091370558375634,0,2,0,1
120,0.49999999999999994,0.3334841725090291,0.3433977564535748,0.08629441624365482,2,1,1,3
121,0.08333333333333333,0.6765455704270236,0.17988917421273148,0.38578680203045684,0,0,2,0
122,0.5833333333333333,0.5429148077331634,0.6067306392755778,0.04568527918781726,2,2,2,2
123,0.25,0.43456554068408754,0.24435734558724156,0.08121827411167512,0,0,1,3
124,0.0,0.15530061610367538,0.019759426949587783,0.9289340101522842,0,1,0,0
125,0.16666666666666669,0.8464690885914594,0.33855926476550885,0.14213197969543145,0,0,0,3
126,0.0,0.8253664754620778,0.10501419110690634,0.005076142131979695,1,0,0,0
127,0.16666666666666669,0.4925281495644784,0.2034599270171645,0.035532994923857864,0,0,2,1
128,0.25,0.5971956660293181,0.3271252872009731,0.1878172588832487,0,3,1,0
129,0.3333333333333333,0.7006585935840237,0.47665900797405053,0.035532994923857864,0,3,2,0
130,0.16666666666666669,0.8706883365200764,0.3478037572644952,0.12690355329949238,1,1,1,0
131,0.3333333333333333,0.599575100913533,0.4123530206784701,0.07106598984771573,0,1,2,2
132,0.3333333333333333,0.29946887614191625,0.22143532909852684,0.350253807106599,0,2,1,2
133,0.25,0.3251561504142766,0.18867549668874176,0.055837563451776644,3,0,0,1
134,0.25,0.37831952411302316,0.21573185565616979,0.12690355329949238,0,4,0,0
135,0.25,0.4389207563203739,0.24657386133261253,0.07614213197969542,1,1,2,0
136,0.4166666666666667,0.7252326322498406,0.5922962562508448,0.005076142131979695,1,3,1,1
137,0.0,0.6870618228170808,0.08741721854304636,0.42639593908629436,1,0,0,0
138,0.16666666666666669,0.4590333545782877,0.19067441546154887,0.11675126903553298,1,1,1,0
139,0.08333333333333333,0.5320798810282559,0.14312744965535884,0.04060913705583756,0,2,0,0
140,0.0,0.6887614191629488,0.08763346398161914,0.5025380710659898,0,0,0,1
141,0.25,0.5577862757595071,0.30706852277334773,0.19289340101522842,1,2,0,1
142,0.49999999999999994,0.6786551943913319,0.6508176780646034,0.42639593908629436,2,1,2,2
143,0.25,0.4366900361164223,0.24543857278010542,0.02030456852791878,0,1,2,1
144,0.16666666666666669,0.6744571914170385,0.2729017434788485,0.4365482233502538,1,0,1,1
145,0.49999999999999994,0.312392181856809,0.32461143397756453,0.14720812182741116,2,2,3,0
146,0.3333333333333333,0.47006585935840234,0.3299635085822408,0.5482233502538071,2,2,0,1
147,0.25,0.2148927129806671,0.13255845384511422,0.5380710659898477,1,2,0,1
148,0.5833333333333333,0.4266517951986403,0.4883903230166239,0.19289340101522842,1,2,3,2
149,0.9166666666666666,0.5481899298916506,0.9220164887146912,0.10152284263959391,3,2,2,5
150,0.25,0.7249309538984492,0.39213407217191515,0.09137055837563451,0,2,1,1
151,0.25,0.610101975780752,0.3336937423976213,0.34517766497461927,0,2,1,1
152,0.49999999999999994,0.6310962396430848,0.6084606027841601,0.01015228426395939,1,3,3,0
153,0.3333333333333333,0.56192904185256,0.3884038383565347,0.18274111675126903,1,1,2,1
154,0.4166666666666667,0.4885638410877417,0.4116231923232869,0.13197969543147206,2,1,3,0
155,0.4166666666666667,0.555132780964521,0.46244222192188134,0.12182741116751268,2,1,3,0
156,0.5833333333333333,0.5473252602506904,0.6112190836599541,0.08121827411167512,2,2,1,3
157,0.25,0.3827278521351179,0.21797540208136237,0.350253807106599,0,1,1,2
158,0.3333333333333333,0.4702358189929892,0.3300716313015272,0.015228426395939085,1,0,3,1
159,0.16666666666666669,0.526732526025069,0.2165157453709961,0.12182741116751268,0,2,0,1
160,0.16666666666666669,0.38602082005523686,0.16280578456548184,0.07614213197969542,2,0,0,1
161,0.9166666666666666,0.4557233906947101,0.7808365995404785,0.10152284263959391,1,2,6,3
162,0.49999999999999994,0.3303590397280646,0.34061359643195027,0.24873096446700504,0,2,2,3
163,0.0,0.0958147439983004,0.01219083659954048,0.3096446700507614,1,0,0,0
164,0.25,0.6067027830890164,0.33196377888903905,0.06598984771573603,1,0,1,2
165,0.25,0.6788294030167834,0.3686714420867685,0.055837563451776644,0,0,4,0
166,0.25,0.4335032929679201,0.24381673199080958,0.34010152284263956,1,1,1,1
167,0.4166666666666667,0.30259825791374545,0.26965806190025676,0.02030456852791878,0,3,1,2
168,0.4166666666666667,0.2143977055449331,0.2023246384646574,0.13197969543147206,1,2,3,0
169,0.6666666666666666,0.4437369874654769,0.5699689147182052,0.1878172588832487,1,1,5,2
170,0.0,0.3008285532186106,0.03827544262738208,0.532994923857868,0,0,0,1
171,0.08333333333333333,0.3260038240917782,0.09068793080145966,0.13197969543147206,1,0,0,1
172,0.49999999999999994,0.45797960484384953,0.4542776050817678,0.26903553299492383,4,0,1,2
173,0.25,0.5107287019332909,0.28311934045141235,0.12690355329949238,1,1,1,1
174,0.16666666666666669,0.33673252602506903,0.14399243140964998,0.34010152284263956,2,1,0,0
175,0.49999999999999994,0.4331548757170172,0.43216650898770104,0.0,3,2,1,1
176,0.25,0.4791799447631187,0.2670631166373834,0.22335025380710657,0,1,2,1
177,0.4166666666666667,0.33273210112598256,0.29266117042843626,0.07614213197969542,1,2,2,1
178,0.4166666666666667,0.3790822179732314,0.3280456818488985,0.31979695431472077,2,1,2,1
179,0.25,0.37125557680050986,0.2121367752398973,0.14720812182741116,1,2,0,1
180,0.3333333333333333,0.4093477799022732,0.291336667117178,0.24873096446700504,2,0,2,1
181,0.25,0.5074357340131719,0.2814434383024733,0.16751269035532992,1,0,1,2
182,0.08333333333333333,0.43945188017845765,0.1195566968509258,0.10152284263959391,0,1,0,1
183,0.4166666666666667,0.43282982791586994,0.36907690228409246,0.2081218274111675,2,0,2,2
184,0.4166666666666667,0.4639898024219247,0.39286390052709824,0.04568527918781726,1,2,1,2
185,0.49999999999999994,0.42198640322923303,0.42221921881335317,0.015228426395939085,0,4,2,1
186,0.49999999999999994,0.49333758232419794,0.4857683470739289,0.1878172588832487,1,2,1,3
187,0.16666666666666669,0.3584023794348842,0.15226381943505882,0.15228426395939085,1,1,0,1
188,0.25,0.5188017845761632,0.2872280037842952,0.09644670050761421,2,0,0,2
189,0.6666666666666666,0.392842574888464,0.5116907690228409,0.25380710659898476,3,1,2,3
190,0.08333333333333333,0.48895262375185894,0.13215299364779026,0.08629441624365482,0,1,1,0
191,0.4166666666666667,0.3554642022519652,0.3100148668739019,0.2842639593908629,3,2,1,0
192,0.49999999999999994,0.4612577012959422,0.4571969185025003,0.01015228426395939,3,2,2,0
193,0.49999999999999994,0.599473125132781,0.5802959859440465,0.38071065989847713,3,2,0,2
194,0.5833333333333333,0.5185362226471213,0.5819164751993513,0.07106598984771573,1,2,3,2
195,0.3333333333333333,0.502868068833652,0.35083119340451413,0.03045685279187817,0,3,1,1
196,0.4166666666666667,0.4330082855321861,0.3692120556832004,0.2182741116751269,2,2,1,1
197,0.16666666666666669,0.49521988527724664,0.20448709285038522,0.09644670050761421,0,0,2,1
198,0.4166666666666667,0.5602294455066921,0.46633328828220033,0.14720812182741116,0,1,3,2
199,0.25,0.5064797110686212,0.28095688606568453,0.36548223350253806,0,0,3,1
200,0.08333333333333333,0.40896537072445294,0.11179889174212732,0.45685279187817257,1,0,0,1
201,0.3333333333333333,0.26292755470575735,0.19818894445195298,0.47715736040609136,1,1,1,2
202,0.7499999999999999,0.5724665391969408,0.7979456683335586,0.015228426395939085,3,3,2,2
203,0.4166666666666667,0.5022668366263012,0.4220840654142452,0.12690355329949238,3,2,0,1
204,0.25,0.3540471637985978,0.2033788349776997,0.17258883248730963,3,1,0,0
205,0.16666666666666669,0.5250329296792011,0.21586700905527775,0.15736040609137056,2,0,0,1
206,0.08333333333333333,0.30571489271298063,0.08552507095553454,0.11675126903553298,1,0,0,1
207,0.4166666666666667,0.6824941576375612,0.5596702257061765,0.13197969543147206,1,1,1,3
208,0.25,0.3955810495007436,0.22451682659818897,0.3248730964467005,2,1,0,1
209,0.25,0.14207563203739113,0.09549939180970402,0.03045685279187817,1,1,0,2
210,0.16666666666666669,0.7549033354578287,0.30360859575618326,0.10659898477157359,0,0,2,1
211,0.25,0.4945825366475462,0.2749020137856467,0.3147208121827411,0,2,1,1
212,0.08333333333333333,0.3858083705120034,0.10590620354101905,0.4111675126903553,0,1,0,1
213,0.3333333333333333,0.14174633524537922,0.12109744560075687,0.15228426395939085,0,1,0,4
214,0.3333333333333333,0.42532398555343104,0.30150020273009864,0.45177664974619286,2,1,1,1
215,0.4166666666666667,0.42479286169534736,0.3629409379645898,0.03045685279187817,1,2,0,3
216,0.4166666666666667,0.49383896324622906,0.41565076361670494,0.15228426395939085,0,2,1,3
217,0.5833333333333333,0.4439940514127895,0.5060413569401271,0.16751269035532992,2,1,4,1
218,0.25,0.4887401742086254,0.271928639005271,0.015228426395939085,2,2,0,0
219,0.4166666666666667,0.31368175058423625,0.2781186646844168,0.015228426395939085,3,1,2,0
220,0.49999999999999994,0.47767792649245794,0.4718205162859846,0.350253807106599,3,2,1,1
221,0.08333333333333333,0.7125557680050987,0.18905257467225303,0.31979695431472077,0,1,0,1
222,0.4166666666666667,0.7590822179732313,0.618137586160292,0.16751269035532992,0,1,2,3
223,0.4166666666666667,0.32154238368387505,0.28411947560481143,0.09644670050761421,2,1,1,2
224,0.25,0.4316974718504355,0.24289768887687527,0.0,0,2,0,2
225,0.25,0.5391969407265773,0.29760778483578865,0.08121827411167512,0,1,1,2
226,0.08333333333333333,0.7632249840662841,0.20194620894715504,0.350253807106599,1,1,0,0
227,0.3333333333333333,0.3616316124920331,0.26098121367752397,0.025380710659898477,0,2,1,2
228,0.4166666666666667,0.43385808370512,0.3698607919989188,0.33502538071065985,3,2,1,0
229,0.16666666666666669,0.3622965795623539,0.15375050682524669,0.17258883248730963,0,2,1,0
230,0.3333333333333333,0.4400276184406204,0.31085416948236244,0.38071065989847713,1,3,0,1
231,0.3333333333333333,0.2653940939026981,0.19975807541559673,0.13705583756345177,0,2,3,0
232,0.25,0.7546738899511365,0.4072712528720097,0.035532994923857864,0,0,3,1
233,0.3333333333333333,0.403909071595496,0.2878767401000135,0.27918781725888325,1,0,0,4
234,0.4166666666666667,0.43233482048013594,0.36869847276659007,0.09644670050761421,2,3,1,0
235,0.08333333333333333,0.7674739749309538,0.20302743614001895,0.4010152284263959,1,0,0,1
236,0.4166666666666667,0.4371850435521563,0.37240167590214895,0.2639593908629441,1,2,2,1
237,0.0,0.9776927979604844,0.12439518853899177,0.3705583756345177,1,0,0,0
238,0.08333333333333333,0.28627575950711703,0.08057845654818219,0.2081218274111675,1,0,0,1
239,0.25,0.3684937327384746,0.21073117988917422,0.22842639593908629,0,0,1,3
240,0.49999999999999994,0.3550031867431485,0.36256250844708743,0.13705583756345177,2,4,0,1
241,0.5833333333333333,0.4284299978755045,0.4902013785646709,0.015228426395939085,0,5,2,1
242,0.25,0.7734225621414914,0.4168130828490337,0.07106598984771573,0,1,3,0
243,0.3333333333333333,0.4532398555343106,0.31925935937288824,0.299492385786802,0,2,2,1
244,0.7499999999999999,0.47792649245804114,0.6776591431274497,0.06598984771573603,1,1,2,6
245,0.5833333333333333,0.48002974293605266,0.542721989458035,0.44670050761421315,3,3,1,1
246,0.5833333333333333,0.28699383896324626,0.34623597783484256,0.14213197969543145,3,2,1,2
247,0.4166666666666667,0.3703696622052262,0.32139478307879443,0.050761421319796954,3,1,1,1
248,0.16666666666666669,0.5362226471213087,0.22013785646709016,0.2893401015228426,1,0,1,1
249,0.3333333333333333,0.6518376885489696,0.445600756859035,0.11675126903553298,1,2,1,1
250,0.16666666666666669,0.41597620565115784,0.1742397621300176,0.34010152284263956,0,0,1,2
251,0.16666666666666669,0.2577012959422137,0.11382619272874712,0.3756345177664974,0,1,1,1
252,0.08333333333333333,0.3061397917994476,0.08563319367482092,0.3147208121827411,0,0,1,1
253,0.4166666666666667,0.4478797535585299,0.38056629274226245,0.14720812182741116,1,3,1,1
254,0.3333333333333333,0.6593159124707881,0.45035815650763616,0.12182741116751268,0,2,2,1
255,0.25,0.4543764605906097,0.25443978916069737,0.21319796954314718,0,1,1,2
256,0.16666666666666669,0.28623964308476735,0.12471955669685093,0.6802030456852791,0,0,3,0
257,0.3333333333333333,0.3835564053537285,0.2749290444654683,0.09137055837563451,0,2,1,2
258,0.4166666666666667,0.6503441682600382,0.5351263684281661,0.10152284263959391,0,1,3,2
259,0.49999999999999994,0.6968345018058211,0.6670090552777403,0.26903553299492383,4,2,0,1
260,0.6666666666666666,0.5170087104312726,0.6538721448844439,0.02030456852791878,3,1,3,2
261,0.3333333333333333,0.4063734862970045,0.28944451952966616,0.38071065989847713,0,2,1,2
262,0.49999999999999994,0.6181070745697896,0.5968914718205164,0.24873096446700504,2,2,2,1
263,0.49999999999999994,0.3540025493945188,0.36167049601297474,0.09137055837563451,2,0,3,2
264,0.25,0.16597620565115784,0.1076631977294229,0.08121827411167512,0,3,0,1
265,0.3333333333333333,0.4028893137879754,0.2872280037842952,0.5177664974619289,1,1,1,2
266,0.08333333333333333,0.11302315700021245,0.036491417759156645,0.27918781725888325,0,0,1,1
267,0.3333333333333333,0.5839813044401956,0.4024327611839438,0.45177664974619286,0,1,2,2
268,0.08333333333333333,0.1183343955810495,0.03784295175023652,0.10659898477157359,0,0,1,1
269,0.3333333333333333,0.3242404928829403,0.2371942154345182,0.16243654822335024,0,0,3,2
270,0.4166666666666667,0.431909921393669,0.36837410460873093,0.07106598984771573,1,2,2,1
271,0.49999999999999994,0.35767367750159335,0.36494120827138804,0.3045685279187817,1,2,2,2
272,0.3333333333333333,0.5632037391119609,0.3892147587511826,0.06598984771573603,2,2,1,0
273,0.49999999999999994,0.4341555130656469,0.4330585214218138,0.015228426395939085,1,0,5,1
274,0.25,0.3436371361801572,0.1980808217326666,0.16751269035532992,1,0,1,2
275,0.3333333333333333,0.24083280220947523,0.18413299094472227,0.17766497461928932,1,3,1,0
276,0.5833333333333333,0.5882472912683239,0.6528733612650359,0.14213197969543145,2,2,4,0
277,0.25,0.5520501380922032,0.3041492093526152,0.03045685279187817,0,2,2,0
278,0.49999999999999994,0.44122795835988954,0.43935666982024596,0.0,0,1,2,4
279,0.4166666666666667,0.26371999150201825,0.23997837545614276,0.1878172588832487,1,1,2,2
280,0.08333333333333333,0.39972381559379644,0.10944722259764833,0.7918781725888324,0,1,1,0
281,0.49999999999999994,0.7183216486084554,0.6861467765914313,0.3299492385786802,3,0,3,1
282,0.0,0.4786488209050351,0.060900121638059204,0.3248730964467005,0,0,0,1
283,0.4166666666666667,0.518058211174846,0.4341397486146777,0.07106598984771573,0,2,3,1
284,0.16666666666666669,0.5838814531548757,0.2383295039870253,0.36040609137055835,0,0,2,1
285,0.3333333333333333,0.6607180794561291,0.4512501689417489,0.19289340101522842,2,0,3,0
286,0.49999999999999994,0.36559592096876986,0.371996215704825,0.22335025380710657,3,3,1,0
287,0.4166666666666667,0.3089717442107499,0.2745235842681443,0.24873096446700504,1,2,2,1
288,0.49999999999999994,0.5420798810282559,0.5291796188674146,0.16243654822335024,2,1,3,1
289,0.16666666666666669,0.41866794136392604,0.17526692796323828,0.18274111675126903,0,0,2,1
290,0.5833333333333333,0.5971425536435095,0.6619272874712799,0.12182741116751268,2,2,2,2
291,0.08333333333333333,0.40132143615891225,0.10985403432896339,0.4365482233502538,0,0,1,1
292,0.16666666666666669,0.34869980879541107,0.14856061629949996,0.035532994923857864,0,1,2,0
293,0.16666666666666669,0.5035054174633524,0.20764968238951212,0.06091370558375634,1,1,0,1
294,0.49999999999999994,0.3397684299978755,0.3489931071766455,0.04060913705583756,0,1,2,4
295,0.4166666666666667,0.6316124920331421,0.520827138802541,0.17766497461928932,0,1,2,3
296,0.3333333333333333,0.5162099001487146,0.35931882686849576,0.20304568527918782,2,1,1,1
297,0.5833333333333333,0.5463671128107075,0.6102446276523855,0.3705583756345177,2,2,2,2
298,0.25,0.636605056299129,0.34718205162859844,0.23350253807106597,2,1,1,0
299,0.08333333333333333,0.8177182919056725,0.21581294769563455,0.31979695431472077,0,0,0,2
300,0.3333333333333333,0.35385808370512,0.2560359508041627,0.5025380710659898,1,2,2,0
301,0.3333333333333333,0.7587422987040577,0.5136099472901744,0.08121827411167512,1,1,2,1
302,0.49999999999999994,0.475279371149352,0.4696850925800784,0.04060913705583756,1,3,1,2
303,0.3333333333333333,0.4273210112598258,0.3027706446817137,0.025380710659898477,1,1,1,2
304,0.5833333333333333,0.35699596345867857,0.4174888498445736,0.15736040609137056,3,3,1,1
305,0.25,0.6123326959847035,0.3348290309501284,0.23857868020304568,0,1,2,1
306,0.16666666666666669,0.5431633736987465,0.22278686308960674,0.4619289340101522,1,1,1,0
307,0.6666666666666666,0.35743360951773956,0.47114474929044464,0.050761421319796954,1,3,4,1
308,0.7499999999999999,0.5014234119396643,0.7075550750101366,0.15228426395939085,2,4,3,1
309,0.16666666666666669,0.4880667091565753,0.20175699418840387,0.01015228426395939,1,1,0,1
310,0.5833333333333333,0.35938389632462286,0.4199216110285174,0.23857868020304568,3,2,2,1
311,0.16666666666666669,0.2967219035479074,0.12872009731044737,0.16751269035532992,1,0,2,0
312,0.49999999999999994,0.576224771616741,0.5595891336667118,0.6091370558375634,2,3,0,2
313,0.25,0.37566390482260464,0.2143803216650899,0.27918781725888325,1,0,2,1
314,0.25,0.47062885064797105,0.2627111771861062,0.27411167512690354,0,1,0,3
315,0.0,0.9643084767367749,0.12269225571023111,0.5786802030456852,0,0,1,0
316,0.4166666666666667,0.5662481410664966,0.4709285038518719,0.04060913705583756,1,1,2,2
317,0.25,0.4545889101338432,0.25454791187998377,0.3908629441624365,0,1,1,2
318,0.16666666666666669,0.638693435309114,0.25925125016894174,0.1979695431472081,1,1,0,1
319,0.16666666666666669,0.497626938602082,0.20540613596431953,0.06598984771573603,0,2,0,1
320,0.5833333333333333,0.47065646908859143,0.5331815110150021,0.0,1,3,1,3
321,0.4166666666666667,0.5144826853622264,0.4314096499526963,0.025380710659898477,3,0,2,1
322,0.08333333333333333,0.5491820692585512,0.14747938910663605,0.025380710659898477,1,0,1,0
323,0.0,0.5374973443807096,0.0683876199486417,0.25380710659898476,0,0,1,0
324,0.08333333333333333,0.19332908434246865,0.05692661170428437,0.04060913705583756,1,1,0,0
325,0.25,0.649670703207988,0.35383159886471144,0.15228426395939085,1,0,3,0
326,0.16666666666666669,0.4336095177395368,0.18097040140559537,0.3045685279187817,1,0,1,1
327,0.08333333333333333,0.331421287444232,0.09206649547236113,0.055837563451776644,0,0,1,1
328,0.3333333333333333,0.31034629275547054,0.22835518313285583,0.23350253807106597,0,2,1,2
329,0.49999999999999994,0.5081176970469514,0.4989322881470469,0.10152284263959391,1,3,1,2
330,0.4166666666666667,0.6291013384321222,0.5189093120691985,0.08629441624365482,2,1,1,2
331,0.4166666666666667,0.414346717654557,0.35496688741721855,0.350253807106599,3,0,1,2
332,0.25,0.29562353940939023,0.17364508717394245,0.01015228426395939,1,1,2,0
333,0.5833333333333333,0.48125132780964525,0.5439654007298285,0.24873096446700504,1,1,3,3
334,0.3333333333333333,0.36813469301041,0.26511825922421944,0.42639593908629436,2,0,0,3
335,0.3333333333333333,0.5223709369024856,0.3632382754426274,0.20304568527918782,2,1,1,1
336,0.49999999999999994,0.23572763968557464,0.2563319367482092,0.035532994923857864,3,0,1,3
337,0.4166666666666667,0.6186551943913321,0.5109352615218273,0.11675126903553298,1,1,1,3
338,0.4166666666666667,0.8323072020395157,0.6740370320313557,0.0,5,1,0,0
339,0.4166666666666667,0.3773804971319311,0.3267468576834707,0.27918781725888325,2,1,1,2
340,0.3333333333333333,0.5091990652220098,0.35485876469793215,0.18274111675126903,3,1,0,1
341,0.25,0.5690992139366899,0.31282605757534804,0.09137055837563451,1,0,2,1
342,0.5833333333333333,0.5784193753983429,0.6428706581970537,0.07106598984771573,1,2,4,1
343,0.3333333333333333,0.37174421074994685,0.2674145154750642,0.0,4,1,0,0
344,0.16666666666666669,0.20529636711281068,0.09382348966076497,0.482233502538071,2,1,0,0
345,0.4166666666666667,0.4406564690885914,0.3750506825246655,0.04060913705583756,3,2,0,1
346,0.4166666666666667,0.4746483960059486,0.4010001351533991,0.13705583756345177,2,1,2,1
347,0.25,0.5984172509029106,0.32774699283686987,0.01015228426395939,1,2,0,1
348,0.4166666666666667,0.4513490545995326,0.38321394783078794,0.5279187817258882,2,1,3,0
349,0.3333333333333333,0.4113448056086679,0.29260710906879306,0.04060913705583756,2,0,3,0
350,0.3333333333333333,0.7780327172296579,0.5258818759291797,0.2182741116751269,0,3,0,2
351,0.8333333333333333,0.5076970469513491,0.7878632247601028,0.15228426395939085,4,3,3,1
352,0.25,0.6489802421924793,0.3534802000270307,0.15228426395939085,3,0,1,0
353,0.16666666666666669,0.38177182919056724,0.161183943776186,0.0,0,1,1,1
354,0.25,0.4913426811132356,0.27325314231652925,0.781725888324873,1,2,0,1
355,0.0,0.847036328871893,0.10777132044870928,0.8527918781725887,1,0,0,0
356,0.3333333333333333,0.5976630550244317,0.4111366400864982,0.16243654822335024,1,4,0,0
357,0.49999999999999994,0.6370448268536222,0.6137586160291932,0.005076142131979695,1,1,2,3
358,0.08333333333333333,0.1408540471637986,0.04357345587241519,0.26903553299492383,0,2,0,0
359,0.16666666666666669,0.23312725727639683,0.1044465468306528,0.6548223350253807,0,1,1,1
360,0.49999999999999994,0.6848459740811557,0.6563319367482093,0.10659898477157359,1,3,0,3
361,0.49999999999999994,0.5068132568514978,0.4977699689147182,0.15736040609137056,2,2,1,2
362,0.16666666666666669,0.07265774378585085,0.043195026354912826,0.13197969543147206,0,1,2,0
363,0.4166666666666667,0.8537646059060973,0.6904176240032438,0.08629441624365482,0,1,1,4
364,0.08333333333333333,0.9024856596558317,0.23738343019326938,0.22842639593908629,0,1,1,0
365,0.3333333333333333,0.5941788825154026,0.4089201243411272,0.16243654822335024,1,1,2,1
366,0.3333333333333333,0.566307626938602,0.39118934991215026,0.03045685279187817,1,3,0,1
367,0.25,0.5201295942213724,0.2879037707798351,0.1979695431472081,0,2,2,0
368,0.49999999999999994,0.4973741236456341,0.4893634274902014,0.02030456852791878,2,3,1,1
369,0.3333333333333333,0.4682387932865944,0.32880118934991215,0.11167512690355329,1,2,1,1
370,0.49999999999999994,0.40702358189929894,0.4088930936613056,0.07106598984771573,1,2,3,1
371,0.08333333333333333,0.9164011047376248,0.24092444924989867,0.5532994923857868,0,1,0,1
372,0.5833333333333333,0.6527257276396856,0.7185025003378835,0.2182741116751269,3,1,3,1
373,0.3333333333333333,0.6718929254302102,0.45835923773482906,0.11675126903553298,1,3,1,0
374,0.4166666666666667,0.43081155725515186,0.3675361535342614,0.3096446700507614,2,1,1,2
375,0.25,0.34963883577650307,0.20113528855250712,0.025380710659898477,1,1,0,2
376,0.4166666666666667,0.5861844062035266,0.4861467765914313,0.02030456852791878,2,1,1,2
377,0.25,0.13044401954535798,0.08957967292877417,0.13197969543147206,1,1,0,2
378,0.6666666666666666,0.32275971956660293,0.431438032166509,0.01015228426395939,2,2,3,2
379,0.4166666666666667,0.45690885914595286,0.38745776456277875,0.01015228426395939,1,1,3,1
380,0.3333333333333333,0.5898024219247928,0.40613596431950266,0.17258883248730963,1,0,1,3
381,0.16666666666666669,0.1572126619927767,0.07546965806190026,0.2893401015228426,0,2,1,0
382,0.4166666666666667,0.684867219035479,0.5614812812542236,0.10152284263959391,2,3,0,1
383,0.3333333333333333,0.41716592309326533,0.29631031220435194,0.04568527918781726,0,1,1,3
385,0.25,0.7017739536859995,0.3803486957696986,0.035532994923857864,0,1,0,3
386,0.3333333333333333,0.8745697896749522,0.5872955804838492,0.050761421319796954,1,0,2,2
387,0.25,0.24182069258551092,0.14626300851466417,0.4010152284263959,1,2,0,1
388,0.16666666666666669,0.4559167197790524,0.1894850655493986,0.06091370558375634,1,1,0,1
389,0.49999999999999994,0.4843870830677714,0.4777956480605487,0.005076142131979695,1,3,1,2
390,0.25,0.43392819205438704,0.24403297742938238,0.02030456852791878,1,1,0,2
391,0.08333333333333333,0.47036328871892924,0.1274226246790107,0.4873096446700507,1,0,0,1
392,0.08333333333333333,0.7356065434459316,0.19491823219353968,0.1979695431472081,0,1,0,1
393,0.49999999999999994,0.6180157212661992,0.5968103797810516,0.025380710659898477,3,3,0,1
394,0.25,0.41762268961121735,0.23573455872415194,0.07614213197969542,2,1,1,0
395,0.25,0.27729976630550246,0.1643195026354913,0.09644670050761421,1,0,2,1
396,0.3333333333333333,0.5615062672615254,0.38813488309230976,0.03045685279187817,1,1,2,1
397,0.16666666666666669,0.354365838113448,0.15072307068522775,0.16751269035532992,0,1,1,1
398,0.25,0.5774378585086042,0.31706987430733885,0.12690355329949238,0,1,1,2
399,0.3333333333333333,0.3856809007860633,0.2762805784565482,0.13705583756345177,3,0,1,1
400,0.3333333333333333,0.7008710431272573,0.47679416137315855,0.005076142131979695,0,2,1,2
401,0.16666666666666669,0.5569003611642234,0.22803081497499664,0.38071065989847713,1,1,1,0
402,0.3333333333333333,0.662715105162524,0.452520610893364,0.09644670050761421,2,1,2,0
403,0.16666666666666669,0.6087380497131931,0.24781727260440603,0.45685279187817257,0,2,0,1
404,0.08333333333333333,0.10994263862332695,0.03570752804433031,0.3705583756345177,1,1,0,0
405,0.49999999999999994,0.42644784363713617,0.42619408028111905,0.005076142131979695,0,0,3,4
406,0.25,0.3272785213511791,0.18975537234761455,0.13197969543147206,0,2,2,0
407,0.3333333333333333,0.34794986190779686,0.2522773347749696,0.13197969543147206,2,0,2,1
408,0.16666666666666669,0.6821754833227109,0.2758480875794026,0.16243654822335024,0,1,1,1
409,0.3333333333333333,0.353813469301041,0.25600756859035007,0.5583756345177665,1,0,2,2
410,0.4166666666666667,0.6908158062460166,0.566022435464252,0.22842639593908629,3,1,1,1
411,0.08333333333333333,0.7015126407478223,0.18624273550479797,0.11167512690355329,1,0,0,1
412,0.4166666666666667,0.41264712130868914,0.35366941478578184,0.2893401015228426,2,1,3,0
413,0.4166666666666667,0.518946250265562,0.43481686714420864,0.24365482233502536,1,0,3,2
414,0.08333333333333333,0.7892500531123858,0.20856872550344643,0.01015228426395939,0,1,0,1
415,0.25,0.3264818355640535,0.1893499121502906,0.29441624365482233,1,3,0,0
416,0.49999999999999994,0.565876354365838,0.550373023381538,0.20304568527918782,1,2,0,4
418,0.08333333333333333,0.7574888463989802,0.20048655223678877,0.09137055837563451,1,0,1,0
419,0.6666666666666666,0.4308944125770129,0.5552642248952562,0.02030456852791878,3,2,2,2
420,0.6666666666666666,0.35833227108561716,0.4721732666576564,0.27411167512690354,1,4,1,3
421,0.25,0.4525706394731251,0.25352074604676306,0.33502538071065985,2,1,1,0
422,0.3333333333333333,0.7079689823666879,0.4813096364373564,0.6294416243654822,0,0,4,1
423,0.6666666666666666,0.41234119396643293,0.5340181105554805,0.035532994923857864,1,3,2,3
424,0.49999999999999994,0.45093902698109206,0.4480064873631572,0.15736040609137056,1,2,1,3
425,0.08333333333333333,0.7601444656893988,0.20116231923232872,0.38071065989847713,1,1,0,0
426,0.25,0.5764287231782452,0.3165562913907285,0.299492385786802,1,0,2,1
427,0.08333333333333333,0.550031867431485,0.14769563454520884,0.15736040609137056,1,0,1,0
428,0.6666666666666666,0.30861907796898236,0.415245303419381,0.01015228426395939,4,2,2,1
429,0.3333333333333333,0.5970681963033779,0.4107582105689958,0.6040609137055837,1,0,2,2
430,0.16666666666666669,0.49557467601444655,0.20462224624949318,0.46700507614213194,0,1,2,0
431,0.16666666666666669,0.4497556830252815,0.1871333964049196,0.01015228426395939,0,3,0,0
432,0.4166666666666667,0.3024580412152114,0.2695499391809704,0.12182741116751268,2,0,4,0
434,0.16666666666666669,0.8719630337794773,0.348290309501284,0.06598984771573603,2,1,0,0
435,0.4166666666666667,0.35999575100913533,0.31347479389106636,0.10659898477157359,1,1,2,2
436,0.08333333333333333,0.6316124920331421,0.16845519664819572,0.6192893401015228,1,0,1,0
437,0.3333333333333333,0.49194816231145094,0.34388430869036357,0.06091370558375634,1,1,0,3
438,0.25,0.4670172084130019,0.2608730909582376,0.04060913705583756,1,2,1,0
439,0.4166666666666667,0.44285107287019326,0.37672658467360454,0.03045685279187817,1,1,1,3
440,0.25,0.4603250478011472,0.2574672253007163,0.16751269035532992,0,0,1,3
441,0.49999999999999994,0.3193414064159762,0.3308014596567104,0.04568527918781726,2,3,1,1
442,0.3333333333333333,0.48718929254302096,0.34085687255034464,0.29441624365482233,1,1,2,1
443,0.25,0.43748672190354787,0.24584403297742943,0.1878172588832487,2,1,1,0
444,0.6666666666666666,0.3717165923093265,0.48749831058251114,0.09137055837563451,1,1,5,2
445,0.25,0.6482897811769703,0.3531288011893499,0.40609137055837563,1,1,0,2
446,0.49999999999999994,0.5543424686636924,0.54010001351534,0.3096446700507614,5,1,0,1
447,0.16666666666666669,0.44231994901210964,0.18429517502365186,0.12690355329949238,0,3,0,0
448,0.0,0.9020607605693647,0.11477226652250304,0.3705583756345177,1,0,0,0
449,0.3333333333333333,0.603484172509029,0.414839843222057,0.07614213197969542,1,2,1,1
450,0.6666666666666666,0.5569258551094114,0.6995823759967563,0.11167512690355329,2,1,2,4
451,0.0,0.27363501168472487,0.0348155156102176,0.5126903553299492,0,1,0,0
452,0.25,0.2570108349267049,0.15399378294364105,0.17766497461928932,0,2,1,1
453,0.25,0.235234756745273,0.14291120421678608,0.01015228426395939,0,2,1,1
454,0.3333333333333333,0.4611854684512428,0.32431409649952697,0.14213197969543145,3,0,2,0
455,0.25,0.30120033991926914,0.1764833085552102,0.2081218274111675,2,1,0,1
456,0.49999999999999994,0.44532398555343106,0.44300581159616165,0.025380710659898477,0,2,5,0
457,0.16666666666666669,0.4185256001699596,0.1752128666035951,0.11167512690355329,1,2,0,0
458,0.25,0.46085617165923093,0.2577375320989323,0.10152284263959391,1,2,1,0
459,0.4166666666666667,0.5726216273635012,0.4757940262197594,0.12690355329949238,0,1,3,2
460,0.25,0.5157765030805184,0.2856886065684552,0.025380710659898477,0,3,0,1
461,0.16666666666666669,0.7010133843212236,0.2830382484119476,0.7969543147208121,0,2,0,1
462,0.4166666666666667,0.2651009135330359,0.24103257196918504,0.4010152284263959,2,2,2,0
463,0.5833333333333333,0.4621839813044402,0.5245573726179215,0.005076142131979695,1,3,2,2
464,0.3333333333333333,0.4252814956447844,0.30147317205027707,0.27918781725888325,1,3,1,0
465,0.49999999999999994,0.5286955598045464,0.5172590890660901,0.350253807106599,2,1,1,3
466,0.7499999999999999,0.32281708094327594,0.4803081497499662,0.08629441624365482,1,5,3,1
467,0.16666666666666669,0.848172933928192,0.33920935261521823,0.22842639593908629,0,0,3,0
468,0.5833333333333333,0.42282770342043763,0.48449790512231383,0.3299492385786802,3,3,0,2
469,0.16666666666666669,0.3778776290630975,0.15969725638599813,0.24873096446700504,0,1,1,1
470,0.16666666666666669,0.4908285532186106,0.20281119070144615,0.15736040609137056,2,0,1,0
471,0.5833333333333333,0.3169747185043552,0.37675361535342616,0.14213197969543145,2,1,4,1
472,0.08333333333333333,0.5227321011259825,0.14074874983105826,0.598984771573604,1,1,0,0
473,0.3333333333333333,0.6908434246866368,0.47041492093526155,0.04060913705583756,0,2,1,2
474,0.49999999999999994,0.3951561504142766,0.39832409785106093,0.06598984771573603,0,5,2,0
475,0.6666666666666666,0.470907159549607,0.6010812271928639,0.16243654822335024,1,2,2,4
476,0.4166666666666667,0.555768005098789,0.462927422624679,0.14720812182741116,1,2,1,2
477,0.08333333333333333,0.8171871680475886,0.2156777942965266,0.36548223350253806,1,1,0,0
478,0.3333333333333333,0.40913533035903976,0.29120151371807,0.1979695431472081,0,0,5,0
479,0.08333333333333333,0.5015933715742511,0.13536964454656036,0.1979695431472081,1,0,0,1
480,0.25,0.39000424899086467,0.22167860521692123,0.12690355329949238,0,1,2,1
481,0.16666666666666669,0.3298640322923306,0.141370455466955,0.16243654822335024,1,1,1,0
482,0.08333333333333333,0.5592734225621414,0.15004730368968783,0.13197969543147206,1,1,0,0
483,0.49999999999999994,0.6178648820905035,0.5966752263819436,0.10152284263959391,2,1,1,3
484,0.7499999999999999,0.4005948587210537,0.5792674685768348,0.035532994923857864,2,4,2,2
485,0.08333333333333333,0.3368387507966858,0.0934450601432626,0.5025380710659898,1,0,0,1
486,0.08333333333333333,0.5401529636711282,0.14518178132180026,0.12182741116751268,0,1,1,0
487,0.16666666666666669,0.34105162523900573,0.14564130287876742,0.23857868020304568,1,0,1,1
488,0.25,0.5482791586998088,0.3022300310852818,0.5177664974619289,1,1,1,1
489,0.3333333333333333,0.5366475462077755,0.37232058386268413,0.13197969543147206,0,3,1,1
490,0.3333333333333333,0.43862545145527937,0.30996215704824975,0.015228426395939085,1,2,1,1
491,0.16666666666666669,0.5826067558954748,0.23784295175023654,0.015228426395939085,3,0,0,0
492,0.25,0.3797556830252815,0.21646303554534396,0.3147208121827411,0,1,1,2
493,0.4166666666666667,0.26237731038878265,0.2389525611569131,0.050761421319796954,1,3,1,1
494,0.3333333333333333,0.8324622902060759,0.5605081767806461,0.23350253807106597,2,0,1,2
495,0.25,0.40514127894625024,0.2293823489660765,0.3096446700507614,1,0,1,2
496,0.25,0.2291268323773104,0.13980267603730237,0.11675126903553298,1,3,0,0
497,0.3333333333333333,0.5761631612492033,0.3974591160967698,0.04060913705583756,0,2,1,2
498,0.4166666666666667,0.5883790099851285,0.48782267874037033,0.42639593908629436,0,3,2,1
499,0.3333333333333333,0.45158274909708945,0.3182051628598459,0.06598984771573603,0,2,2,1
500,0.49999999999999994,0.671916294879966,0.6448168671442087,0.02030456852791878,1,1,2,3
501,0.3333333333333333,0.57144678138942,0.3944587106365725,0.03045685279187817,1,2,1,1
502,0.08333333333333333,0.36477586573188864,0.10055412893634275,0.18274111675126903,0,1,0,1
503,0.3333333333333333,0.30014871468026344,0.2218678199756724,0.482233502538071,2,2,0,1
504,0.25,0.15960271935415338,0.1044195161508312,0.33502538071065985,1,0,1,2
505,0.08333333333333333,0.4331846186530699,0.11796188674145154,0.2893401015228426,0,0,2,0
506,0.7499999999999999,0.47486721903547907,0.6737667252331397,0.055837563451776644,4,2,2,2
507,0.25,0.4275547057573826,0.24078929585079067,0.18274111675126903,0,1,1,2
508,0.3333333333333333,0.43021032504780116,0.3046087309095824,0.12690355329949238,1,3,0,1
509,0.49999999999999994,0.6267877629063097,0.6046222462494932,0.015228426395939085,1,4,0,2
510,0.25,0.6353303590397281,0.3465333153128801,0.06091370558375634,0,1,2,1
511,0.7499999999999999,0.5281283195241131,0.7415326395458847,0.035532994923857864,4,1,4,1
512,0.4166666666666667,0.3298279158699809,0.2904446546830653,0.45177664974619286,1,1,2,2
513,0.3333333333333333,0.3583173996175908,0.2588728206514394,0.04568527918781726,2,0,1,2
514,0.25,0.4014234119396643,0.22749020137856468,0.0,1,0,1,2
515,0.25,0.6121733588272784,0.3347479389106636,0.050761421319796954,2,0,1,1
516,0.49999999999999994,0.697473974930954,0.667578051087985,0.03045685279187817,5,1,1,0
517,0.16666666666666669,0.03151264074782238,0.027490201378564675,0.22842639593908629,1,1,1,0
518,0.49999999999999994,0.4766156787762906,0.4708744424922287,0.035532994923857864,2,3,1,1
519,0.49999999999999994,0.5974378585086042,0.5784835788620084,0.005076142131979695,3,2,1,1
520,0.5833333333333333,0.6397386870618227,0.7052844979051224,0.07106598984771573,2,3,2,1
521,0.16666666666666669,0.36916719779052476,0.15637248276794163,0.18274111675126903,1,2,0,0
522,0.6666666666666666,0.48875292118121944,0.6215164211379917,0.07106598984771573,1,2,3,3
523,0.16666666666666669,0.48601444656893983,0.20097310447357752,0.22335025380710657,0,2,1,0
524,0.16666666666666669,0.38927767155300613,0.16404919583727534,0.6294416243654822,1,0,1,1
525,0.5833333333333333,0.40495432334820475,0.4663062576023787,0.06598984771573603,4,0,2,2
526,0.49999999999999994,0.41904185256001697,0.4195972428706582,0.02030456852791878,2,2,3,0
527,0.6666666666666666,0.34192691735712766,0.45338694418164616,0.01015228426395939,3,1,2,3
528,0.49999999999999994,0.5087253027405991,0.49947290174347886,0.2893401015228426,3,1,1,2
529,0.3333333333333333,0.47911620990014864,0.33572104338424114,0.035532994923857864,2,0,3,0
530,0.8333333333333333,0.6592691735712768,1.0,0.09644670050761421,4,3,0,4
531,0.3333333333333333,0.36031442532398555,0.2601432626030545,0.5126903553299492,1,1,0,3
532,0.3333333333333333,0.2648820905035054,0.19943235572374649,0.2639593908629441,2,1,2,0
533,0.49999999999999994,0.3787359252177608,0.3837005000675767,0.07614213197969542,1,2,1,3
534,0.3333333333333333,0.47495219885277246,0.33307203676172453,0.055837563451776644,2,0,2,1
535,0.3333333333333333,0.7109432759719565,0.48320178402486824,0.005076142131979695,2,0,2,1
536,0.25,0.5396218398130443,0.2978240302743614,0.10152284263959391,2,0,1,1
537,0.49999999999999994,0.5118844274484811,0.5022854439789162,0.005076142131979695,0,1,4,2
538,0.3333333333333333,0.5768429997875504,0.3978916069739154,0.025380710659898477,0,2,1,2
539,0.16666666666666669,0.5170320798810282,0.21281254223543725,0.6903553299492385,0,2,0,1
540,0.49999999999999994,0.317157425111536,0.32885525070955535,0.36040609137055835,3,1,1,2
541,0.25,0.575419587847886,0.31604270847411814,0.2182741116751269,3,0,1,0
542,0.5833333333333333,0.4447907371999151,0.5068536288687661,0.005076142131979695,1,2,2,3
543,0.3333333333333333,0.5219035479073719,0.3629409379645898,0.050761421319796954,1,0,2,2
544,0.3333333333333333,0.3713193116634799,0.26714420867684824,0.12182741116751268,4,0,0,1
545,0.08333333333333333,0.34916082430422773,0.09658061900256791,0.06091370558375634,1,0,0,1
546,0.08333333333333333,0.37199915020182706,0.10239221516421139,0.22842639593908629,0,0,1,1
547,0.16666666666666669,0.070958147439983,0.04254629003919449,0.09644670050761421,1,0,2,0
548,0.49999999999999994,0.4097259400892288,0.41130017569941885,0.02030456852791878,1,2,3,1
549,0.25,0.7096876991714467,0.3843762670631166,0.12182741116751268,0,0,3,1
550,0.3333333333333333,0.4560016995963459,0.32101635356129204,0.6192893401015228,3,0,1,1
551,0.0,0.1134480560866794,0.014434383024733075,0.36548223350253806,0,0,1,0
552,0.25,0.5534862970044614,0.3048803892417894,0.12690355329949238,1,0,0,3
553,0.25,0.3764074782239218,0.21475875118259227,0.04060913705583756,0,1,1,2
554,0.08333333333333333,0.8466114297854259,0.2231652926071091,0.5685279187817258,0,1,1,0
555,0.4166666666666667,0.5037178670065858,0.4231923232869307,0.11675126903553298,1,2,3,0
556,0.0,0.39961759082217974,0.05084470874442492,0.9593908629441623,0,0,1,0
557,0.5833333333333333,0.46571489271298067,0.5281524530341939,0.055837563451776644,1,1,3,3
558,0.16666666666666669,0.18341406415976202,0.08547100959589134,0.18274111675126903,0,1,0,2
559,0.25,0.7135670278308901,0.3863508582240843,0.5431472081218274,0,2,2,0
560,0.4166666666666667,0.41431272572763966,0.354939856737397,0.06598984771573603,1,1,3,1
561,0.4166666666666667,0.32692373061397917,0.2882281389376943,0.14720812182741116,0,1,3,2
562,0.4166666666666667,0.43499043977055446,0.3707257737532099,0.04568527918781726,1,2,1,2
563,0.16666666666666669,0.5957085192266836,0.24284362751723207,0.27411167512690354,1,1,1,0
564,0.16666666666666669,0.2431846186530699,0.10828490336531964,0.4314720812182741,0,3,0,0
565,0.49999999999999994,0.3410728701933291,0.3501554264089742,0.10152284263959391,2,1,2,2
566,0.3333333333333333,0.2864669640960272,0.213163941073118,0.09137055837563451,1,1,2,1
567,0.3333333333333333,0.573190992139367,0.3955683200432491,0.06091370558375634,1,0,2,2
568,0.4166666666666667,0.44663904822604633,0.3796188674145155,0.04568527918781726,3,0,1,2
569,0.25,0.5294242617378373,0.2926341397486147,0.7563451776649746,1,2,0,1
570,0.49999999999999994,0.5466347992351817,0.5332355723746453,0.07614213197969542,2,2,3,0
571,0.08333333333333333,0.7169109836413852,0.19016083254493854,0.3756345177664974,0,0,1,1
572,0.0,0.39026981091990653,0.049655358832274635,0.7461928934010151,0,0,0,1
573,0.25,0.7939770554493308,0.4272739559399919,0.04568527918781726,2,0,1,1
574,0.25,0.8174527299766305,0.439221516421138,0.09137055837563451,2,1,0,1
575,0.5833333333333333,0.5029487996600808,0.5660494661440736,0.050761421319796954,3,2,3,0
576,0.25,0.7070320798810283,0.38302473307203677,0.3705583756345177,1,2,0,1
577,0.3333333333333333,0.5072445294242618,0.35361535342613865,0.025380710659898477,2,1,1,1
578,0.16666666666666669,0.41002761844062036,0.1719691850250034,0.08121827411167512,0,2,0,1
579,0.5833333333333333,0.4785680900786063,0.5412353020678471,0.005076142131979695,3,2,2,1
580,0.25,0.5283620140216698,0.2920935261521827,0.08121827411167512,3,0,0,1
581,0.49999999999999994,0.3030741448905885,0.3163130152723341,0.13197969543147206,3,1,2,1
582,0.08333333333333333,0.7499468876141917,0.19856737396945534,0.07614213197969542,1,0,0,1
583,0.4166666666666667,0.6572827703420436,0.5404243816731992,0.33502538071065985,2,1,2,1
584,0.49999999999999994,0.563902698109199,0.5486160291931342,0.0,3,1,1,2
585,0.08333333333333333,0.26163161249203315,0.07430733882957156,0.11167512690355329,0,1,1,0
586,0.3333333333333333,0.4829403016783514,0.3381538045681849,0.025380710659898477,1,1,1,2
587,0.49999999999999994,0.4987422987040578,0.49058115961616433,0.02030456852791878,2,1,2,2
588,0.16666666666666669,0.7044826853622264,0.28436275172320585,0.17766497461928932,0,2,0,1
589,0.16666666666666669,0.671769704695135,0.27187592917961884,0.055837563451776644,0,0,2,1
590,0.5833333333333333,0.3557722540896537,0.4162454385727801,0.34517766497461927,4,1,0,3
591,0.49999999999999994,0.5854195878478861,0.5677794296526558,0.04568527918781726,2,2,1,2
592,0.25,0.3216486084554918,0.18689012028652524,0.23350253807106597,0,1,2,1
593,0.16666666666666669,0.36810495007435734,0.15596702257061767,0.27918781725888325,0,0,1,2
594,0.4166666666666667,0.5216337369874655,0.436869847276659,0.0,1,1,2,2
595,0.25,0.3426811132356065,0.19759426949587786,0.3908629441624365,4,0,0,0
596,0.4166666666666667,0.41888039090715956,0.358426814434383,0.25380710659898476,2,1,1,2
597,0.25,0.5016464839600594,0.2784970942019192,0.2081218274111675,2,0,1,1
598,0.3333333333333333,0.4662417675801997,0.3275307473982971,0.025380710659898477,0,2,1,2
599,0.5833333333333333,0.28574463564903335,0.3449655358832275,0.15228426395939085,3,2,1,2
600,0.16666666666666669,0.397138304652645,0.16704960129747265,0.10659898477157359,3,0,0,0
601,0.16666666666666669,0.3336881240705333,0.14283011217732128,0.26903553299492383,0,1,0,2
602,0.16666666666666669,0.2628043339706819,0.11577375320989323,0.19289340101522842,0,1,2,0
603,0.25,0.6592309326534949,0.358697121232599,0.16243654822335024,1,1,2,0
604,0.16666666666666669,0.12322073507541959,0.062494931747533455,0.22842639593908629,0,1,1,1
605,0.3333333333333333,0.15653282345442956,0.1305041221786728,0.050761421319796954,2,2,1,0
606,0.4166666666666667,0.35022307202039515,0.30601432626030545,0.0,1,2,3,0
607,0.08333333333333333,0.7810707456978967,0.2064873631571834,0.13197969543147206,0,1,1,0
608,0.16666666666666669,0.5212831952411301,0.21443573455872417,0.5634517766497461,1,1,0,1
609,0.16666666666666669,0.3537284894837476,0.15047979456683339,0.25888324873096447,1,1,1,0
610,0.6666666666666666,0.5320225196515826,0.671065008784971,0.19289340101522842,2,3,2,2
611,0.25,0.570692585510941,0.31363697796999596,0.4010152284263959,1,1,2,0
612,0.08333333333333333,0.25812619502868067,0.07341532639545885,0.8121827411167513,0,1,1,0
613,0.25,0.829721691098364,0.44546560345992703,0.36548223350253806,1,2,0,1
614,0.5833333333333333,0.39268748672190357,0.45381808352480063,0.20304568527918782,3,1,1,3
615,0.25,0.2891969407265774,0.17037437491552915,0.03045685279187817,0,1,0,3
616,0.16666666666666669,0.503292967920119,0.20756859035004732,0.15736040609137056,0,1,2,0
617,0.25,0.2975355852984916,0.17461819164751996,0.06598984771573603,2,2,0,0
618,0.49999999999999994,0.7857595071170598,0.7462089471550211,0.2081218274111675,4,1,2,0
619,0.16666666666666669,0.455704270235819,0.1894039735099338,0.5482233502538071,0,2,1,0
620,0.5833333333333333,0.3113193116634799,0.37099608055142586,0.22842639593908629,2,0,5,1
621,0.3333333333333333,0.4736775015933716,0.3322611163670766,0.5380710659898477,1,0,4,0
622,0.16666666666666669,0.5969832164860844,0.24333017975402085,0.015228426395939085,0,0,3,0
623,0.3333333333333333,0.5477799022732102,0.3794026219759427,0.2842639593908629,1,2,2,0
624,0.16666666666666669,0.2506904610155088,0.11115015542640898,0.25380710659898476,0,1,2,0
625,0.5833333333333333,0.47854259613341826,0.5412082713880255,0.050761421319796954,0,0,7,1
626,0.49999999999999994,0.49561504142766094,0.4877969995945398,0.12182741116751268,1,2,1,3
627,0.49999999999999994,0.36990439770554495,0.37583457223949185,0.06091370558375634,3,1,1,2
628,0.25,0.6694285107287019,0.3638870117583457,0.050761421319796954,0,2,1,1
629,0.3333333333333333,0.3039728064584661,0.22430058115961618,0.015228426395939085,1,0,2,2
630,0.16666666666666669,0.3402740599107712,0.14534396540072986,0.13705583756345177,0,0,1,2
631,0.08333333333333333,0.6237518589335034,0.1664549263413975,0.3756345177664974,0,1,1,0
632,0.25,0.48932441045251746,0.27222597648330854,0.3248730964467005,0,0,2,2
633,0.3333333333333333,0.44818355640535373,0.31604270847411814,0.09137055837563451,1,2,2,0
634,0.25,0.6685787125557681,0.36345452088120017,0.015228426395939085,2,1,0,1
635,0.25,0.293870830677714,0.17275307473982973,0.08121827411167512,2,0,0,2
636,0.16666666666666669,0.39954960696834496,0.16796999594539805,0.3705583756345177,2,1,0,0
637,0.16666666666666669,0.4926704907584449,0.2035139883768077,0.16243654822335024,2,0,1,0
638,0.25,0.43180369662205226,0.24295175023651847,0.16243654822335024,1,0,1,2
639,0.49999999999999994,0.3749118334395581,0.3802946344100554,0.12690355329949238,2,2,2,1
640,0.4166666666666667,0.4758168684937328,0.40189214758751185,0.0,1,3,1,1
641,0.3333333333333333,0.649670703207988,0.4442221921881335,0.24873096446700504,0,0,4,1
642,0.08333333333333333,0.20735075419587845,0.06049466144073523,0.5736040609137055,0,1,1,0
643,0.3333333333333333,0.2975143403441683,0.22019191782673336,0.27411167512690354,0,0,2,3
644,0.4166666666666667,0.46158274909708946,0.3910258142992296,0.14720812182741116,1,1,3,1
645,0.3333333333333333,0.19375398342893563,0.15418299770239224,0.07614213197969542,2,2,1,0
646,0.49999999999999994,0.459073719991502,0.4552507095553453,0.055837563451776644,2,0,1,4
647,0.4166666666666667,0.3340067983853835,0.29363427490201377,0.12182741116751268,2,1,2,1
648,0.3333333333333333,0.4514552793711493,0.31812407082038113,0.055837563451776644,2,1,0,2
649,0.8333333333333333,0.4218674314850223,0.6677388836329234,0.050761421319796954,4,3,1,3
650,0.16666666666666669,0.15282132993414066,0.07379375591296121,0.15228426395939085,0,1,1,1
651,0.16666666666666669,0.3793647758657319,0.16026490066225169,0.6598984771573604,1,2,0,0
652,0.3333333333333333,0.4,0.28538991755642656,0.07614213197969542,1,1,1,2
653,0.16666666666666669,0.6232568514977692,0.25335856196783346,0.17766497461928932,1,0,1,1
654,0.4166666666666667,0.3845336732526025,0.3322070550074334,0.09137055837563451,1,2,1,2
655,0.25,0.42495219885277247,0.2394647925395324,0.23350253807106597,1,2,0,1
656,0.3333333333333333,0.5956660293180369,0.4098661981348831,0.15736040609137056,1,2,1,1
657,0.3333333333333333,0.4306352241342681,0.30487903770779834,0.20304568527918782,1,1,1,2
658,0.3333333333333333,0.4169131081368175,0.2961494796594134,0.23857868020304568,1,2,0,2
659,0.49999999999999994,0.325685149776928,0.33645087173942423,0.01015228426395939,3,1,2,1
660,0.16666666666666669,0.367112810707457,0.15558859305311531,0.42639593908629436,0,1,0,2
661,0.25,0.22524962821329936,0.13782943641032575,0.07614213197969542,3,0,0,1
662,0.08333333333333333,0.7810707456978967,0.2064873631571834,0.25888324873096447,0,0,2,0
663,0.3333333333333333,0.3097514340344168,0.22797675361535344,0.055837563451776644,0,2,1,2
664,0.49999999999999994,0.5407138304652646,0.5279632382754427,0.02030456852791878,3,2,1,1
665,0.16666666666666669,0.5132079881028255,0.21135288552507098,0.20304568527918782,1,1,1,0
666,0.25,0.49872530274059906,0.27701040681173134,0.20304568527918782,1,2,1,0
667,0.4166666666666667,0.3504355215636286,0.30617651033923504,0.15228426395939085,1,1,2,2
668,0.16666666666666669,0.27122795835988955,0.11898905257467225,0.050761421319796954,0,1,1,1
669,0.49999999999999994,0.2097790524750372,0.23322070550074336,0.14720812182741116,2,1,2,2
670,0.5833333333333333,0.47506267261525387,0.5376672523313962,0.03045685279187817,3,0,3,2
671,0.4166666666666667,0.3236307626938602,0.2857142857142857,0.16243654822335024,1,1,2,2
672,0.08333333333333333,0.17697046951349055,0.05276388701175835,0.16751269035532992,0,0,0,2
673,0.25,0.48948587210537503,0.2723084200567644,0.02030456852791878,0,2,2,0
674,0.25,0.41326747397493097,0.23351804297878093,0.4619289340101522,0,1,1,2
675,0.4166666666666667,0.3356702783089016,0.29490471685362885,0.15736040609137056,1,2,2,1
676,0.3333333333333333,0.5333758232419801,0.37023922151642114,0.2893401015228426,1,2,1,1
677,0.3333333333333333,0.45366475462077754,0.3195296661711042,0.40609137055837563,3,1,0,1
678,0.4166666666666667,0.7489929891650733,0.6104351939451278,0.11167512690355329,1,0,2,3
679,0.3333333333333333,0.569239430635224,0.3930544668198405,0.10659898477157359,1,0,2,2
680,0.3333333333333333,0.4324644147015084,0.30604270847411813,0.055837563451776644,1,1,3,0
681,0.08333333333333333,0.778946250265562,0.20594674956075149,0.7969543147208121,0,1,0,1
682,0.0,0.331421287444232,0.04216786052169212,0.7614213197969543,0,0,1,0
683,0.3333333333333333,0.6137242404928829,0.42135423705906205,0.11167512690355329,0,1,1,3
684,0.6666666666666666,0.39524962821329934,0.5144478983646439,0.17766497461928932,1,1,5,2
685,0.4166666666666667,0.444302103250478,0.37783484254629,0.45685279187817257,2,0,1,3
686,0.4166666666666667,0.473832589759932,0.40037842951750235,0.2182741116751269,1,1,3,1
687,0.25,0.5492351816443595,0.3027165833220706,0.04568527918781726,1,1,1,1
688,0.25,0.37093690248565964,0.21197459116096773,0.20304568527918782,1,1,1,1
689,0.16666666666666669,0.6413150626726152,0.2602513853223409,0.055837563451776644,2,0,0,1
690,0.6666666666666666,0.5187083067771403,0.6558183538315989,0.09137055837563451,1,3,5,0
691,0.3333333333333333,0.6041215211387294,0.415245303419381,0.3299492385786802,1,1,2,1
692,0.3333333333333333,0.7214382834076907,0.4898783619408028,0.06091370558375634,1,3,1,0
693,0.08333333333333333,0.25940089228808155,0.07373969455331801,0.08121827411167512,1,0,0,1
694,0.49999999999999994,0.463382196728277,0.45908906609001215,0.0,3,0,1,3
695,0.4166666666666667,0.5929126832377309,0.49128395729152585,0.21319796954314718,2,2,1,1
696,0.16666666666666669,0.5347355003186742,0.2195702121908366,0.33502538071065985,0,0,1,2
697,0.3333333333333333,0.07499468876141915,0.07863224760102716,0.25380710659898476,2,2,0,1
698,0.49999999999999994,0.42486934353091144,0.42478713339640495,0.38578680203045684,2,3,0,2
699,0.25,0.2165391969407266,0.13339640491958374,0.15736040609137056,0,3,1,0
700,0.08333333333333333,0.1165285744635649,0.03738343019326936,0.6954314720812182,1,0,1,0
701,0.3333333333333333,0.43382196728277034,0.3069063386944182,0.005076142131979695,0,1,2,2
702,0.9999999999999999,0.47546207775653276,0.8791998918772808,0.04568527918781726,3,3,2,5
703,0.16666666666666669,0.22888251540259186,0.10282605757534803,0.29441624365482233,1,0,1,1
704,0.49999999999999994,0.4253537284894837,0.4252196242735505,0.18274111675126903,0,2,2,3
705,0.49999999999999994,0.41175695772254084,0.4131098797134748,0.13705583756345177,3,2,1,1
706,0.16666666666666669,0.7017208413001912,0.2833085552101635,0.3959390862944162,2,0,0,1
707,0.16666666666666669,0.4303526662417676,0.1797269901338019,0.12690355329949238,1,1,0,1
708,0.16666666666666669,0.3769555980454642,0.15934585754831737,0.4873096446700507,1,1,1,0
709,0.25,0.5102506904610156,0.282876064333018,0.5685279187817258,1,1,1,1
710,0.25,0.672880815806246,0.36564400594674956,0.2893401015228426,1,1,2,0
711,0.16666666666666669,0.3259677076694285,0.13988376807676714,0.3147208121827411,1,0,0,2
712,0.08333333333333333,0.2462290206076057,0.07038789025543993,0.45685279187817257,0,1,0,1
713,0.25,0.28664754620777566,0.16907690228409247,0.23857868020304568,1,1,0,2
714,0.16666666666666669,0.3688124070533248,0.15623732936883364,0.09644670050761421,0,1,0,2
715,0.3333333333333333,0.25158274909708944,0.19097175293958646,0.44670050761421315,1,2,1,1
716,0.4166666666666667,0.4791799447631187,0.4044600621705636,0.055837563451776644,1,1,2,2
717,0.5833333333333333,0.5262375185893351,0.5897553723476147,0.1878172588832487,1,2,3,2
718,0.3333333333333333,0.3445931591247079,0.25014191106906336,0.416243654822335,0,3,2,0
719,0.3333333333333333,0.30911408540471635,0.22757129341802948,0.07106598984771573,0,0,2,3
720,0.08333333333333333,0.9700446144040789,0.2545749425598054,0.06598984771573603,1,1,0,0
721,0.4166666666666667,0.5271234331846186,0.4410596026490066,0.04060913705583756,2,1,1,2
722,0.49999999999999994,0.5246590184831104,0.5136640086498176,0.33502538071065985,1,0,0,6
723,0.16666666666666669,0.3829764181007011,0.16164346533315316,0.24365482233502536,1,0,0,2
724,0.3333333333333333,0.4350138092203102,0.30766454926341397,0.09137055837563451,3,0,1,1
725,0.4166666666666667,0.45471213086891865,0.3857818624138397,0.24873096446700504,0,2,1,3
726,0.5833333333333333,0.5491820692585512,0.6131098797134749,0.06091370558375634,1,0,3,4
727,0.3333333333333333,0.47830890163586154,0.3352074604676308,0.02030456852791878,0,1,3,1
728,0.49999999999999994,0.36732526025069046,0.37353696445465606,0.19289340101522842,4,0,2,1
729,0.0,0.9077968982366689,0.11550209487768617,0.03045685279187817,0,1,0,0
730,0.25,0.3589335032929679,0.2058656575212867,0.025380710659898477,0,1,1,2
731,0.08333333333333333,0.6751646483960059,0.1795377753750507,0.27411167512690354,0,0,1,1
732,0.5833333333333333,0.6839813044401954,0.7503176104879038,0.2182741116751269,1,1,2,4
733,0.25,0.5636286381984279,0.31004189755372347,0.0,1,0,2,1
734,0.0,0.3290843424686637,0.041870523043654545,0.7766497461928933,1,0,0,0
735,0.08333333333333333,0.6967282770342043,0.185025003378835,0.36040609137055835,0,0,0,2
736,0.4166666666666667,0.46427236031442526,0.39308014596567104,0.3299492385786802,1,1,3,1
737,0.08333333333333333,0.6805821117484596,0.18091634004595217,0.598984771573604,0,2,0,0
738,0.16666666666666669,0.44727639685574677,0.1861873226111637,0.36040609137055835,2,0,1,0
739,0.16666666666666669,0.22590397280645846,0.10168941748884985,0.25888324873096447,0,2,0,1
740,0.3333333333333333,0.4865519439133205,0.3404514123530207,0.47208121827411165,0,1,2,2
741,0.25,0.38835776503080516,0.22084065414245171,0.17258883248730963,0,0,4,0
742,0.08333333333333333,0.40312300828553216,0.11031220435193946,0.5279187817258882,1,0,0,1
743,0.5833333333333333,0.3679371149352029,0.42862548993107175,0.14213197969543145,0,0,3,5
744,0.25,0.5043573401317187,0.27987701040681173,0.07614213197969542,1,0,2,1
745,0.08333333333333333,0.6993838963246228,0.18570077037437493,0.7563451776649746,0,1,0,1
746,0.16666666666666669,0.5678776290630976,0.23222057034734425,0.015228426395939085,0,0,1,2
747,0.25,0.672880815806246,0.36564400594674956,0.055837563451776644,0,1,2,1
748,0.3333333333333333,0.6282982791586997,0.43062576023786997,0.02030456852791878,1,1,0,3
749,0.25,0.5440832802209474,0.3000946073793756,0.050761421319796954,0,2,0,2
750,0.3333333333333333,0.29904397705544933,0.22116502230031088,0.2842639593908629,0,2,1,2
751,0.4166666666666667,0.5276545570427023,0.4414650628463306,0.13197969543147206,1,1,3,1
752,0.16666666666666669,0.28376248141066496,0.12377348290309502,0.5786802030456852,0,1,1,1
753,0.3333333333333333,0.48519226683662636,0.33958643059872956,0.22335025380710657,2,0,2,1
754,0.4166666666666667,0.43382196728277034,0.3698337613190972,0.10659898477157359,0,1,3,2
755,0.3333333333333333,0.5025281495644784,0.35061494796594134,0.04568527918781726,2,2,1,0
756,0.6666666666666666,0.5057722540896537,0.6410055412893635,0.025380710659898477,1,5,1,2
757,0.49999999999999994,0.30240705332483536,0.31571834031625895,0.050761421319796954,2,3,1,1
758,0.49999999999999994,0.5145527937114935,0.5046627922692256,0.015228426395939085,3,1,0,3
759,0.49999999999999994,0.4270851922668366,0.42676037302338155,0.2893401015228426,0,2,2,3
760,0.3333333333333333,0.49245804121521136,0.34420867684822276,0.02030456852791878,2,0,2,1
761,0.6666666666666666,0.3703462927554706,0.4859305311528585,0.21319796954314718,4,2,1,2
762,0.5833333333333333,0.5302485659655831,0.5938383565346669,0.07614213197969542,2,1,4,1
763,0.16666666666666669,0.3342532398555343,0.14304635761589407,0.27411167512690354,1,1,1,0
764,0.4166666666666667,0.45970469513490547,0.38959318826868494,0.2842639593908629,0,4,0,2
765,0.16666666666666669,0.3838963246229021,0.16199486417083392,0.3908629441624365,2,0,0,1
766,0.4166666666666667,0.6453154875717018,0.5312880118934992,0.0,2,2,0,2
767,0.16666666666666669,0.29325047801147225,0.1273955939991891,0.42639593908629436,0,1,2,0
768,0.4166666666666667,0.5532186105799872,0.460981213677524,0.13197969543147206,3,3,0,0
769,0.08333333333333333,0.15625663904822604,0.04749290444654683,0.6751269035532994,0,0,1,1
770,0.4166666666666667,0.428546845124283,0.36580619002567916,0.2182741116751269,0,4,1,1
771,0.4166666666666667,0.5127469725940088,0.43008514664143804,0.11675126903553298,3,2,0,1
772,0.3333333333333333,0.5049075844486934,0.35212866603595083,0.3299492385786802,3,0,2,0
773,0.3333333333333333,0.5655406840875292,0.3907014461413705,0.01015228426395939,3,1,1,0
774,0.4166666666666667,0.5219524113023157,0.43711312339505337,0.015228426395939085,1,4,0,1
775,0.6666666666666666,0.35582961546632674,0.469306663062576,0.035532994923857864,1,3,4,1
776,0.4166666666666667,0.38640960271935415,0.3336396810379781,0.005076142131979695,1,1,2,2
777,0.16666666666666669,0.22314212874442318,0.10063522097580754,0.09644670050761421,1,1,0,1
778,0.4166666666666667,0.641705969832165,0.5285322340856873,0.17766497461928932,0,1,3,2
779,0.0,0.7607818143190992,0.0967968644411407,0.7868020304568527,1,0,0,0
780,0.4166666666666667,0.458642447418738,0.388782267874037,0.10659898477157359,1,4,0,1
781,0.16666666666666669,0.31959422137242405,0.13745100689282339,0.17766497461928932,1,0,1,1
782,0.4166666666666667,0.4196940726577438,0.35904852007027976,0.25380710659898476,2,1,1,2
783,0.6666666666666666,0.5546590184831104,0.696986079199892,0.3147208121827411,2,1,3,3
784,0.25,0.49224559167197784,0.2737126638734964,0.2639593908629441,1,1,2,0
785,0.5833333333333333,0.3535415338857021,0.4139748614677659,0.09644670050761421,2,3,0,3
786,0.6666666666666666,0.5074229870405778,0.6428976888768754,0.015228426395939085,1,2,3,3
787,0.49999999999999994,0.47221372424049285,0.466954993918097,0.06091370558375634,0,2,3,2
788,0.25,0.639473125132781,0.34864170833896474,0.4619289340101522,0,3,1,0
789,0.16666666666666669,0.8046887614191629,0.3226111636707663,0.09644670050761421,0,3,0,0
790,0.6666666666666666,0.5397641810070108,0.6799297202324639,0.005076142131979695,2,3,3,1
791,0.0,0.751009135330359,0.09555345316934721,0.9999999999999999,0,1,0,0
792,0.5833333333333333,0.5773061397917993,0.6417353696445466,0.38071065989847713,2,4,1,1
793,0.49999999999999994,0.3750945400467389,0.380456818488985,0.035532994923857864,0,5,2,0
794,0.9999999999999999,0.5112024644147015,0.9383173401811057,0.11167512690355329,5,5,1,2
795,0.49999999999999994,0.7687338007223283,0.7310447357751049,0.14213197969543145,2,2,2,1
796,0.08333333333333333,0.35999575100913533,0.09933774834437087,0.07106598984771573,0,1,0,1
797,0.4166666666666667,0.48721691098364134,0.4105960264900662,0.350253807106599,1,2,2,1
798,0.16666666666666669,0.28340769067346505,0.12363832950398702,0.299492385786802,1,1,0,1
799,0.4166666666666667,0.4365476949224559,0.37191512366536017,0.15228426395939085,1,1,1,3
800,0.3333333333333333,0.6879116209900149,0.4685498040275713,0.23857868020304568,0,0,2,3
801,0.49999999999999994,0.289568727427236,0.3042843627517232,0.03045685279187817,1,3,2,1
802,0.25,0.05045676651795199,0.0488714691174483,0.17258883248730963,0,4,0,0
803,0.3333333333333333,0.4368387507966857,0.3088255169617516,0.3147208121827411,1,1,2,1
804,0.16666666666666669,0.574676014446569,0.23481551561021763,0.3248730964467005,0,2,0,1
805,0.3333333333333333,0.47762906309751424,0.3347749695904852,0.25380710659898476,0,3,0,2
806,0.6666666666666666,0.35021032504780114,0.4628733612650358,0.06598984771573603,5,0,3,1
807,0.25,0.4622370936902485,0.2584403297742938,0.532994923857868,1,2,0,1
808,0.49999999999999994,0.7390503505417463,0.7046087309095824,0.04060913705583756,2,2,1,2
810,0.49999999999999994,0.5279668578712555,0.5166103527503717,0.09137055837563451,1,2,3,1
811,0.25,0.5739855534310601,0.315312880118935,0.4314720812182741,0,1,2,1
812,0.25,0.3692373061397918,0.2111096094066766,0.22335025380710657,2,0,0,2
813,0.49999999999999994,0.5970448268536221,0.5781321800243276,0.08629441624365482,2,4,1,0
814,0.7499999999999999,0.39330783938814534,0.5699959453980268,0.005076142131979695,1,2,5,2
815,0.08333333333333333,0.6253452305077545,0.16686038653872146,0.2081218274111675,0,1,0,1
816,0.16666666666666669,0.7553282345442958,0.30377077983511286,0.01015228426395939,2,0,1,0
817,0.25,0.5085532186105801,0.2820124341127179,0.025380710659898477,2,2,0,0
818,0.49999999999999994,0.26814106649670705,0.28520070279767534,0.33502538071065985,4,0,1,2
819,0.5833333333333333,0.46393669003611643,0.5263413974861468,0.050761421319796954,0,4,4,0
820,0.16666666666666669,0.26754408328022095,0.11758345722394918,0.6954314720812182,1,0,1,1
821,0.49999999999999994,0.5246887614191629,0.5136910393296392,0.3045685279187817,1,4,2,0
822,0.16666666666666669,0.6356532823454428,0.2580902824706041,0.715736040609137,1,1,1,0
823,0.49999999999999994,0.7716464839600594,0.7336396810379782,0.11167512690355329,3,1,3,0
824,0.4166666666666667,0.27512215848735927,0.24868225435869715,0.035532994923857864,2,2,1,1
825,0.4166666666666667,0.597550456766518,0.49482362481416403,0.03045685279187817,4,1,1,0
826,0.16666666666666669,0.47376673040152967,0.19629814839843224,0.06091370558375634,1,0,1,1
827,0.25,0.5589547482472912,0.3076631977294229,0.22335025380710657,2,1,1,0
828,0.6666666666666666,0.3686934353091141,0.4840383835653467,0.04060913705583756,5,2,1,1
829,0.08333333333333333,0.3694497556830253,0.10174347884849304,0.21319796954314718,0,1,0,1
830,0.49999999999999994,0.6567134055661781,0.6312758480875794,0.08121827411167512,1,4,2,0
831,0.25,0.659124707881878,0.3586430598729558,0.11675126903553298,1,2,1,0
832,0.49999999999999994,0.5579541108986616,0.5433166644141101,0.5583756345177665,1,4,1,1
833,0.7499999999999999,0.4683450180582111,0.6654683065279092,0.03045685279187817,2,3,3,2
834,0.5833333333333333,0.5190694710006374,0.5824584403297743,0.035532994923857864,0,2,4,2
835,0.25,0.48773103887826635,0.2714150560886606,0.11675126903553298,2,1,1,0
836,0.4166666666666667,0.4264563416188655,0.3642113799162049,0.01015228426395939,4,0,1,1
837,0.4166666666666667,0.28503717867006584,0.25625084470874443,0.14720812182741116,1,2,2,1
838,0.16666666666666669,0.19842787338007223,0.09120151371807002,0.49238578680203043,1,1,1,0
839,0.25,0.4093902698109199,0.23154480335180433,0.20304568527918782,0,1,3,0
840,0.49999999999999994,0.37448693435309116,0.37991620489255307,0.0,1,1,1,4
841,0.0,0.6231145103038027,0.07928098391674551,0.07614213197969542,0,1,0,0
842,0.4166666666666667,0.4205438708306777,0.3596972563859981,0.2081218274111675,1,3,1,1
843,0.4166666666666667,0.3212598257913746,0.2839032301662387,0.11167512690355329,1,1,0,4
844,0.3333333333333333,0.608413001912046,0.41797540208136236,0.16243654822335024,3,1,0,1
845,0.49999999999999994,0.5964967070320799,0.5776456277875389,0.10152284263959391,2,0,2,3
846,0.25,0.45782876566815384,0.25619678334910123,0.04060913705583756,0,1,1,2
847,0.6666666666666666,0.4474442319949012,0.5742140829841871,0.20304568527918782,3,2,2,2
848,0.25,0.4433290843424686,0.24881740775780511,0.23350253807106597,0,2,0,2
849,0.49999999999999994,0.45351816443594645,0.45030409514799297,0.23350253807106597,0,2,2,3
850,0.5833333333333333,0.47498406628425743,0.5375861602919314,0.09644670050761421,3,2,2,1
851,0.25,0.35564053537284895,0.20418975537234763,0.24365482233502536,1,1,1,1
852,0.3333333333333333,0.4545995326110049,0.32012434112717936,0.13705583756345177,1,1,2,1
853,0.5833333333333333,0.3351136605056299,0.3952169212055683,0.18274111675126903,2,4,0,2
854,0.6666666666666666,0.7202060760569364,0.8865535883227464,0.10659898477157359,4,2,2,1
855,0.4166666666666667,0.41031017633312084,0.3518853899175564,0.0,3,0,1,2
856,0.4166666666666667,0.3800722328446994,0.32880118934991215,0.01015228426395939,2,1,2,1
857,0.25,0.8678563841087741,0.46487363157183403,0.6598984771573604,0,0,2,2
858,0.16666666666666669,0.7418738049713194,0.2986349506690093,0.4111675126903553,0,1,2,0
859,0.4166666666666667,0.5089228808158062,0.4271658332207055,0.19289340101522842,2,2,1,1
860,0.16666666666666669,0.19410877416613553,0.08955264224895257,0.5685279187817258,1,2,0,0
861,0.25,0.27618440620352663,0.16375185835923775,0.3147208121827411,3,0,1,0
862,0.25,0.5549713193116634,0.30563589674280306,0.2081218274111675,0,1,2,1
863,0.16666666666666669,0.667728914382834,0.2703338288957967,0.12690355329949238,2,0,0,1
864,0.9166666666666666,0.43007223284469936,0.7416718475469659,0.01015228426395939,2,2,4,4
865,0.7499999999999999,0.47503717867006584,0.6739843222057035,0.1878172588832487,3,1,4,2
866,0.25,0.7496282132993415,0.404703338288958,0.01015228426395939,1,1,0,2
867,0.3333333333333333,0.45188017845761635,0.3183943776185971,0.20304568527918782,1,2,1,1
868,0.25,0.5551306564690885,0.3057169887822679,0.25888324873096447,0,1,2,1
869,0.4166666666666667,0.5169598470363288,0.43330179754020814,0.1878172588832487,2,1,0,3
870,0.16666666666666669,0.21676864244741872,0.09820245979186377,0.16751269035532992,2,0,0,1
871,0.6666666666666666,0.47843637136180156,0.6097040140559535,0.06598984771573603,3,3,2,1
872,0.3333333333333333,0.6721478648820904,0.4585214218137586,0.050761421319796954,3,0,2,0
873,0.3333333333333333,0.19549606968345018,0.15529125557507772,0.035532994923857864,3,0,1,1
874,0.3333333333333333,0.37323135755258124,0.2683605892688201,0.07614213197969542,0,2,2,1
875,0.16666666666666669,0.24955810495007436,0.11071766454926342,0.4974619289340101,1,1,0,1
876,0.3333333333333333,0.2421499893775228,0.18497094201919181,0.14720812182741116,0,1,2,2
877,0.16666666666666669,0.42114510303802843,0.1762130017569942,0.22335025380710657,0,0,3,0
878,0.16666666666666669,0.5867155300616103,0.2394107311798892,0.5685279187817258,0,1,1,1
879,0.25,0.4481623114510304,0.25127719962157047,0.11675126903553298,0,2,1,1
880,0.25,0.47519651582749095,0.2650358156507636,0.16243654822335024,1,1,1,1
881,0.3333333333333333,0.536732526025069,0.3723746452223273,0.14720812182741116,1,1,1,2
882,0.16666666666666669,0.4899787550456766,0.202486822543587,0.29441624365482233,1,1,1,0
883,0.25,0.5388782664117271,0.29744560075685905,0.015228426395939085,2,0,1,1
884,0.25,0.43483110261312935,0.24449249898634953,0.22842639593908629,1,2,0,1
885,0.8333333333333333,0.4756745272997663,0.7430463576158941,0.04060913705583756,2,4,2,3
886,0.5833333333333333,0.6080050987890375,0.6729828355183134,0.02030456852791878,5,0,2,1
887,0.25,0.3692373061397918,0.2111096094066766,0.14213197969543145,0,0,3,1
888,0.25,0.23778415126407476,0.14420867684822275,0.015228426395939085,1,1,1,1
889,0.16666666666666669,0.39431060123220735,0.16596972563859982,0.532994923857868,0,3,0,0
890,0.25,0.2777246653919694,0.16453574807406407,0.700507614213198,3,0,0,1
891,0.16666666666666669,0.680475886976843,0.2751993512636843,0.5076142131979695,1,2,0,0
892,0.16666666666666669,0.4927405991077119,0.2035410190566293,0.34517766497461927,1,1,0,1
893,0.4166666666666667,0.6959167197790523,0.5699162048925531,0.2182741116751269,1,1,3,1
894,0.16666666666666669,0.46583173996175903,0.19326936072442225,0.19289340101522842,2,1,0,0
895,0.5833333333333333,0.25443382196728276,0.313096364373564,0.01015228426395939,2,1,3,2
896,0.3333333333333333,0.2801784576163161,0.2091634004595216,0.45177664974619286,1,4,0,0
897,0.4166666666666667,0.18653069895899724,0.18105149344506016,0.12182741116751268,1,3,0,2
898,0.5833333333333333,0.45942213724240494,0.5217461819164753,0.02030456852791878,4,1,1,2
899,0.3333333333333333,0.4460590609730189,0.31469117448303824,0.11675126903553298,1,1,3,0
900,0.25,0.548172933928192,0.3021759697256386,0.18274111675126903,3,1,0,0
901,0.08333333333333333,0.26758019970257063,0.07582105689958103,0.13705583756345177,1,1,0,0
902,0.4166666666666667,0.3980603356702783,0.34253277469928367,0.10659898477157359,1,0,2,3
903,0.4166666666666667,0.5726959847036328,0.47584943911339367,0.07106598984771573,1,1,3,1
904,0.5833333333333333,0.48969832164860844,0.5525625084470875,0.04060913705583756,2,2,2,2
905,0.5833333333333333,0.4543233482048013,0.5165562913907286,0.08121827411167512,7,0,0,1
906,0.3333333333333333,0.5127257276396855,0.35710231112312474,0.08121827411167512,3,1,0,1
907,0.08333333333333333,0.3034841725090291,0.08495742667928098,0.14213197969543145,1,0,0,1
908,0.16666666666666669,0.4384257488846399,0.182808487633464,0.04060913705583756,1,0,0,2
909,0.4166666666666667,0.38906522200977267,0.33566698202459794,0.25888324873096447,0,0,3,3
910,0.3333333333333333,0.5423836838750797,0.3759697256385998,0.08629441624365482,3,0,1,1
911,0.3333333333333333,0.4765668153813469,0.33409920259494524,0.23350253807106597,1,1,0,3
912,0.3333333333333333,0.4964945825366475,0.3467765914312745,0.5076142131979695,0,3,1,1
913,0.25,0.5618759294667517,0.3091498851196108,0.6548223350253807,0,0,2,2
914,0.3333333333333333,0.4913108136817505,0.3434788484930396,0.025380710659898477,1,1,1,2
915,0.5833333333333333,0.3837646059060973,0.4447357751047439,0.08629441624365482,4,0,0,4
916,0.6666666666666666,0.4334204376460591,0.5581565076361671,0.15736040609137056,3,1,3,2
917,0.4166666666666667,0.5514871468026343,0.4596594134342478,0.025380710659898477,1,3,0,2
918,0.25,0.4530486509454004,0.2537640221651575,0.005076142131979695,1,1,1,1
919,0.25,0.4211812194603781,0.23754561427219897,0.005076142131979695,2,1,1,0
920,0.16666666666666669,0.3627937114935203,0.15393972158399785,0.6598984771573604,0,1,0,2
921,0.25,0.5359039728064585,0.29593188268684956,0.13705583756345177,0,2,1,1
922,0.0,0.0,0.0,0.38071065989847713,0,0,0,1
923,0.8333333333333333,0.3512746972594009,0.5689417488849845,0.01015228426395939,2,1,3,5
924,0.4166666666666667,0.49121946037816017,0.4136504933099068,0.14213197969543145,2,2,1,1
925,0.49999999999999994,0.719657956235394,0.6873361265035817,0.035532994923857864,2,1,3,1
926,0.49999999999999994,0.46295729764181,0.4587106365725098,0.050761421319796954,1,1,4,1
927,0.16666666666666669,0.39586360739324405,0.1665630490606839,0.055837563451776644,0,1,0,2
928,0.49999999999999994,0.5219269173571277,0.5112312474658738,0.11675126903553298,3,3,1,0
929,0.08333333333333333,0.0810495007435734,0.02835518313285579,0.8477157360406091,0,2,0,0
930,0.7499999999999999,0.4461652857446356,0.6372482767941614,0.08121827411167512,2,2,3,3
931,0.3333333333333333,0.4415126407478223,0.3117988917421273,0.2182741116751269,3,0,0,2
932,0.16666666666666669,0.231002761844062,0.10363562643600487,0.5583756345177665,2,0,0,1
933,0.4166666666666667,0.5538559592096877,0.46146776591431277,0.055837563451776644,3,1,0,2
934,0.25,0.6406947100063736,0.3492634139748615,0.2182741116751269,2,1,0,1
935,0.49999999999999994,0.42954323348204804,0.42894985808893094,0.13705583756345177,3,1,3,0
936,0.08333333333333333,0.4825791374548544,0.1305311528584944,0.4619289340101522,0,1,0,1
937,0.3333333333333333,0.3096239643084768,0.22789566157588867,0.055837563451776644,3,0,1,1
938,0.08333333333333333,0.39345655406840874,0.10785241248817408,0.16751269035532992,2,0,0,0
939,0.3333333333333333,0.46806883365200763,0.32869306663062575,0.11675126903553298,1,2,0,2
940,0.6666666666666666,0.4304227745910346,0.5547236112988242,0.0,1,5,2,1
941,0.25,0.7272169109836415,0.3932977429382349,0.3299492385786802,2,1,0,1
942,0.49999999999999994,0.614282982791587,0.5934856061629951,0.11167512690355329,3,2,2,0
943,0.25,0.6075525812619502,0.33239626976618464,0.17766497461928932,2,0,0,2
944,0.7499999999999999,0.5343106012322074,0.7493985673739695,0.03045685279187817,3,2,1,4
945,0.3333333333333333,0.4204801359677076,0.29841870523043657,0.1878172588832487,2,1,0,2
946,0.25,0.3674314850223072,0.2101905662927423,0.10152284263959391,1,1,0,2
947,0.25,0.5051519014234118,0.28028111907014464,0.5939086294416244,3,0,1,0
948,0.5833333333333333,0.37507966857871256,0.4358967428030815,0.025380710659898477,2,2,3,1
949,0.4166666666666667,0.3104588910133843,0.27565887282065143,0.0,1,2,1,2
951,0.08333333333333333,0.16135542808582962,0.04879037707798351,0.416243654822335,0,1,0,1
952,0.4166666666666667,0.31336307626938603,0.27787538856602245,0.13705583756345177,1,1,2,2
953,0.3333333333333333,0.5017633312088379,0.3501283957291526,0.22842639593908629,0,0,2,3
954,0.49999999999999994,0.3901487146802634,0.3938640356804974,0.050761421319796954,2,2,3,0
955,0.4166666666666667,0.5498194178882516,0.45838626841465063,0.3959390862944162,2,1,1,2
956,0.16666666666666669,0.2188230295304865,0.0989863495066901,0.22335025380710657,1,1,1,0
957,0.16666666666666669,0.8138942001274696,0.326125152047574,0.035532994923857864,2,0,0,1
958,0.3333333333333333,0.5741236456341618,0.39616164346533317,0.04060913705583756,0,2,2,1
959,0.8333333333333333,0.5312789462502656,0.8208676848222733,0.025380710659898477,4,0,5,2
960,0.3333333333333333,0.6113872955173147,0.4198675496688742,0.055837563451776644,2,1,0,2
961,0.16666666666666669,0.2385107287019333,0.1065008784970942,0.04568527918781726,0,2,1,0
962,0.4166666666666667,0.38729551731463774,0.33431544803351804,0.09137055837563451,0,2,1,3
963,0.49999999999999994,0.4571914170384534,0.45357480740640627,0.13705583756345177,1,1,3,2
964,0.6666666666666666,0.5156851497769279,0.6523584268144345,0.1878172588832487,5,0,3,1
965,0.16666666666666669,0.2851072870193329,0.12428706581970538,0.14213197969543145,0,3,0,0
966,0.25,0.2997131931166348,0.17572644952020544,0.04568527918781726,0,2,0,2
967,0.3333333333333333,0.48735925217760784,0.34096499526963103,0.07106598984771573,2,1,0,2
968,0.3333333333333333,0.22014021669853412,0.1709690498716043,0.035532994923857864,2,0,0,3
969,0.7499999999999999,0.5097089441257701,0.7180970401405596,0.02030456852791878,3,2,3,2
970,0.25,0.5730826428723179,0.31485335856196783,0.25380710659898476,1,0,2,1
971,0.08333333333333333,0.3815593796473337,0.10482497634815516,0.1979695431472081,1,1,0,0
972,0.0,0.1654981941788825,0.021056899581024465,0.3908629441624365,0,0,0,1
973,0.16666666666666669,0.5364350966645421,0.22021894850655496,0.2893401015228426,2,0,1,0
974,0.25,0.2622158487359252,0.1566427895661576,0.7715736040609137,1,1,1,1
975,0.3333333333333333,0.4150010622477161,0.29493309906744153,0.4873096446700507,3,0,1,1
976,0.16666666666666669,0.3233482048013597,0.13888363292336803,0.3959390862944162,1,1,0,1
977,0.3333333333333333,0.7837284894837477,0.5295053385592648,0.2182741116751269,2,2,1,0
978,0.08333333333333333,0.7940301678351391,0.2097851060954183,0.07106598984771573,0,1,1,0
979,0.16666666666666669,0.22385383471425535,0.1009068793080146,0.10152284263959391,2,0,0,1
980,0.3333333333333333,0.4130868918631825,0.2937153669414786,0.24873096446700504,1,1,1,2
981,0.16666666666666669,0.556617803271723,0.22792269225571027,0.8781725888324873,0,1,0,2
982,0.5833333333333333,0.41371999150201827,0.4752263819435059,0.11167512690355329,2,1,0,5
983,0.3333333333333333,0.4520501380922031,0.3185025003378835,0.2639593908629441,1,0,0,4
984,0.4166666666666667,0.5109411514765243,0.42870658197053657,0.12182741116751268,2,2,2,0
985,0.25,0.5112598257913745,0.28338964724962834,0.06598984771573603,0,0,2,2
986,0.3333333333333333,0.5781176970469513,0.3987025273685633,0.04568527918781726,1,0,3,1
987,0.5833333333333333,0.5765880603356703,0.6410055412893635,0.17258883248730963,2,2,3,1
988,0.5833333333333333,0.3685192266836626,0.4292201648871469,0.02030456852791878,0,2,2,4
989,0.3333333333333333,0.5231782451667728,0.36375185835923773,0.04060913705583756,1,1,2,1
990,0.3333333333333333,0.6022094752496281,0.4140289228274091,0.03045685279187817,1,0,2,2
991,0.3333333333333333,0.6532823454429573,0.4465197999729693,0.005076142131979695,0,2,2,1
992,0.6666666666666666,0.3501635861482898,0.4628192999053926,0.050761421319796954,5,2,0,2
993,0.4166666666666667,0.7190715954960696,0.5875929179618868,0.050761421319796954,1,4,0,1
994,0.7499999999999999,0.51421287444232,0.7238275442627383,0.08121827411167512,1,2,6,1
995,0.49999999999999994,0.45958997238155935,0.45571158264630357,0.11167512690355329,2,1,3,1
996,0.16666666666666669,0.34806246016571063,0.14831734018110557,0.11167512690355329,0,1,1,1
997,0.25,0.40779902273210117,0.23073523449114747,0.08629441624365482,0,3,0,1
998,0.3333333333333333,0.5430635224134268,0.37640221651574535,0.01015228426395939,2,1,1,1
999,0.6666666666666666,0.504873592521776,0.6399783754561428,0.07106598984771573,2,5,2,0
1000,0.4166666666666667,0.28100063734862973,0.2531693472090823,0.1878172588832487,0,2,3,1
