Customer_ID,Transactions_Per_Customer,Average_Transaction_Amount,Total_Transaction_Amount,Recency,Count_Type_Bill Payment,Count_Type_Investment,Count_Type_Loan Payment,Count_Type_Purchase,Cluster
1,6,2806.0,16836.0,26,3,1,1,1,0
2,2,2453.5,4907.0,67,1,0,1,0,1
3,1,1538.0,1538.0,150,1,0,0,0,1
4,2,4147.5,8295.0,28,0,0,1,1,2
5,5,2959.6,14798.0,1,2,1,0,2,2
6,3,2898.0,8694.0,98,0,1,2,0,1
7,2,1786.0,3572.0,10,0,0,2,0,1
8,6,2042.0,12252.0,94,1,0,4,1,0
9,8,2165.0,17320.0,53,1,3,2,2,0
10,6,2613.67,15682.0,5,3,1,0,2,0
11,1,4993.0,4993.0,113,1,0,0,0,2
12,5,3083.0,15415.0,24,3,0,2,0,2
13,9,2054.44,18490.0,39,3,3,3,0,0
14,7,2763.86,19347.0,31,3,0,3,1,0
15,8,3197.88,25583.05,28,4,3,1,0,0
16,8,3570.38,28563.0,7,0,5,3,0,0
17,5,2896.8,14484.0,9,1,3,0,1,2
18,4,2018.5,8074.0,57,1,0,1,2,1
19,3,2309.67,6929.0,0,2,1,0,0,2
20,1,4408.0,4408.0,185,0,0,1,0,1
21,6,2365.0,14190.0,17,0,3,2,1,0
22,3,2480.0,7440.0,16,0,0,3,0,2
23,10,2011.1,20111.05,45,1,3,3,3,0
24,4,4133.5,16534.0,65,3,1,0,0,2
25,4,3179.75,12719.0,19,2,0,0,2,2
26,4,2256.5,9026.0,65,1,0,1,2,1
27,6,3331.5,19989.0,24,3,1,0,2,0
28,7,2998.14,20987.0,138,0,2,3,2,0
29,3,1417.67,4253.0,12,0,1,0,2,1
30,9,2531.22,22781.0,27,6,1,1,1,0
31,6,2493.67,14962.0,66,2,2,2,0,0
32,9,3217.56,28958.0,38,3,2,3,1,0
33,3,1923.67,5771.0,30,0,3,0,0,1
34,6,2674.17,16045.0,65,2,1,1,2,0
35,3,2844.33,8533.0,33,1,1,1,0,2
36,9,2732.78,24595.0,19,1,4,2,2,0
37,6,2176.52,13059.1,63,3,1,1,1,0
38,9,2924.33,26319.0,9,5,0,2,2,0
39,10,2620.2,26202.0,18,2,2,5,1,0
40,4,1627.75,6511.0,20,0,2,0,2,1
41,4,4061.5,16246.0,2,1,0,0,3,2
42,4,2283.0,9132.0,32,1,0,0,3,2
43,5,1010.0,5050.0,89,1,1,1,2,1
44,4,2288.25,9153.0,78,3,0,0,1,1
45,4,2777.25,11109.0,20,0,2,1,1,2
46,7,1187.14,8310.0,40,0,2,2,3,0
47,8,2457.88,19663.0,14,1,3,2,2,0
48,4,2839.25,11357.0,26,0,1,1,2,2
49,3,2225.33,6676.0,12,1,1,0,1,1
50,6,1288.33,7730.0,48,2,2,2,0,1
51,6,2259.5,13557.0,4,1,1,2,2,0
52,8,2952.38,23619.0,0,4,0,3,1,0
53,5,3308.0,16540.0,83,0,1,2,2,2
55,6,3307.83,19847.0,65,1,1,1,3,0
56,5,2425.61,12128.05,16,1,2,0,2,2
57,2,1285.0,2570.0,106,1,0,1,0,1
58,4,1572.0,6288.0,41,2,1,1,0,1
59,8,3670.26,29362.05,13,2,1,4,1,0
60,2,1392.0,2784.0,99,0,0,1,1,1
61,2,924.0,1848.0,14,1,0,0,1,1
62,5,1422.4,7112.0,34,2,1,0,2,1
63,4,2286.01,9144.05,61,3,0,0,1,1
64,1,4518.0,4518.0,126,1,0,0,0,2
65,4,1916.25,7665.0,6,1,1,0,2,1
66,7,2521.44,17650.05,25,0,2,2,3,0
67,6,2917.83,17507.0,9,2,1,1,2,0
68,7,2241.71,15692.0,0,2,2,1,2,0
69,6,1914.0,11484.0,15,1,1,2,2,0
70,3,2050.67,6152.0,39,1,2,0,0,1
71,7,1786.86,12508.0,4,2,0,4,1,0
72,6,3882.17,23293.0,28,1,3,1,1,0
73,6,2100.0,12600.0,9,1,2,2,1,0
74,7,1051.86,7363.0,1,1,2,1,3,0
75,3,3100.33,9301.0,34,0,0,1,2,2
76,2,2846.5,5693.0,98,0,1,0,1,1
77,7,2250.44,15753.05,71,2,1,3,1,0
78,9,2870.89,25838.0,75,4,1,4,0,0
79,10,3017.9,30179.0,1,4,1,4,1,0
80,4,3718.75,14875.0,70,1,0,2,1,2
81,8,2535.25,20282.0,10,2,1,3,2,0
82,4,3757.75,15031.0,1,0,2,2,0,2
83,7,2245.71,15720.0,16,3,2,2,0,0
84,8,2853.5,22828.0,2,3,0,2,3,0
85,5,2082.8,10414.0,12,2,1,1,1,2
86,5,2394.6,11973.0,58,2,1,1,1,2
87,7,1640.0,11480.0,33,1,1,3,2,0
89,2,1159.0,2318.0,38,0,1,0,1,1
90,6,2593.17,15559.0,32,1,1,1,3,0
91,3,3260.0,9780.0,61,1,2,0,0,2
92,5,2387.8,11939.0,20,2,1,1,1,2
93,3,2084.67,6254.0,5,0,1,1,1,1
94,2,3505.0,7010.0,176,1,0,0,1,1
95,8,2718.5,21748.0,5,1,2,2,3,0
96,4,2380.5,9522.0,3,0,3,1,0,2
97,5,2161.2,10806.0,0,1,1,1,2,2
98,2,1589.02,3178.05,51,2,0,0,0,1
99,5,2575.6,12878.0,3,4,0,0,1,2
100,4,1462.5,5850.0,8,1,1,1,1,1
101,1,1552.0,1552.0,139,0,1,0,0,1
102,2,4502.5,9005.0,161,0,1,0,1,2
103,8,2565.88,20527.0,31,1,0,1,6,0
104,6,3055.51,18333.05,83,2,2,2,0,0
105,7,1787.86,12515.0,63,1,1,1,4,0
106,9,2025.11,18226.0,1,2,1,2,4,0
107,6,1533.5,9201.0,4,2,1,2,1,0
108,7,3274.57,22922.0,30,4,0,3,0,0
109,5,1498.4,7492.0,75,1,2,1,1,1
110,4,1325.75,5303.0,31,2,0,1,1,1
111,6,2311.0,13866.0,14,2,2,2,0,0
112,7,2260.57,15824.0,41,3,1,2,1,0
113,8,2729.38,21835.0,51,2,2,2,2,0
114,2,1880.5,3761.0,56,1,1,0,0,1
115,4,1457.26,5829.05,8,0,2,2,0,1
116,7,3293.01,23051.05,21,3,1,2,1,0
117,8,2962.25,23698.0,20,0,4,2,2,0
118,3,3556.33,10669.0,56,1,2,0,0,2
119,3,2717.33,8152.0,12,0,2,0,1,2
120,7,1855.71,12990.0,17,2,1,1,3,0
121,2,3470.5,6941.0,76,0,0,2,0,2
122,8,2841.5,22732.0,9,2,2,2,2,0
123,4,2331.5,9326.0,16,0,0,1,3,2
124,1,1017.0,1017.0,183,0,1,0,0,1
125,3,4270.33,12811.0,28,0,0,0,3,2
126,1,4171.0,4171.0,1,1,0,0,0,2
127,3,2604.33,7813.0,7,0,0,2,1,2
128,4,3097.0,12388.0,37,0,3,1,0,2
129,5,3584.0,17920.0,7,0,3,2,0,2
130,3,4384.33,13153.0,25,1,1,1,0,2
131,5,3108.2,15541.0,14,0,1,2,2,2
132,5,1695.6,8478.0,69,0,2,1,2,1
133,4,1816.51,7266.05,11,3,0,0,1,1
134,4,2066.75,8267.0,25,0,4,0,0,1
135,4,2352.0,9408.0,15,1,1,2,0,2
136,6,3699.67,22198.0,1,1,3,1,1,0
137,1,3520.0,3520.0,84,1,0,0,0,1
138,3,2446.67,7340.0,23,1,1,1,0,2
139,2,2790.5,5581.0,8,0,2,0,0,2
140,1,3528.0,3528.0,99,0,0,0,1,1
141,4,2911.5,11646.0,38,1,2,0,1,2
142,7,3480.43,24363.0,84,2,1,2,2,0
143,4,2341.5,9366.0,4,0,1,2,1,2
144,3,3460.67,10382.0,86,1,0,1,1,2
145,7,1756.43,12295.0,29,2,2,3,0,0
146,5,2498.6,12493.0,108,2,2,0,1,1
147,4,1297.5,5190.0,106,1,2,0,1,1
148,8,2294.25,18354.0,38,1,2,3,2,0
149,12,2866.33,34396.0,20,3,2,2,5,0
150,4,3698.25,14793.0,18,0,2,1,1,2
151,4,3157.75,12631.0,68,0,2,1,1,2
152,7,3256.57,22796.0,2,1,3,3,0,0
153,5,2931.0,14655.0,36,1,1,2,1,2
154,6,2585.67,15514.0,26,2,1,3,0,0
155,6,2899.01,17394.05,24,2,1,3,0,0
156,8,2862.26,22898.05,16,2,2,1,3,0
157,4,2087.5,8350.0,69,0,1,1,2,1
158,5,2499.4,12497.0,3,1,0,3,1,2
159,3,2765.33,8296.0,24,0,2,0,1,2
160,3,2103.0,6309.0,15,2,0,0,1,1
161,12,2431.09,29173.05,20,1,2,6,3,0
162,7,1841.0,12887.0,49,0,2,2,3,0
163,1,737.0,737.0,61,1,0,0,0,1
164,4,3141.75,12567.0,13,1,0,1,2,2
165,4,3481.25,13925.0,11,0,0,4,0,2
166,4,2326.5,9306.0,67,1,1,1,1,1
167,6,1710.33,10262.0,4,0,3,1,2,0
168,6,1295.17,7771.0,26,1,2,3,0,1
169,9,2374.67,21372.0,37,1,1,5,2,0
170,1,1702.0,1702.0,105,0,0,0,1,1
171,2,1820.5,3641.0,26,1,0,0,1,1
172,7,2441.71,17092.0,53,4,0,1,2,0
173,4,2690.0,10760.0,25,1,1,1,1,2
174,3,1871.0,5613.0,67,2,1,0,0,1
175,7,2324.86,16274.0,0,3,2,1,1,0
176,4,2541.5,10166.0,44,0,1,2,1,2
177,6,1852.17,11113.0,15,1,2,2,1,0
178,6,2070.34,12422.05,63,2,1,2,1,0
179,4,2033.5,8134.0,29,1,2,0,1,1
180,5,2212.8,11064.0,49,2,0,2,1,2
181,4,2674.5,10698.0,33,1,0,1,2,2
182,2,2354.5,4709.0,20,0,1,0,1,1
183,6,2323.33,13940.0,41,2,0,2,2,0
184,6,2470.0,14820.0,9,1,2,1,2,0
185,7,2272.29,15906.0,3,0,4,2,1,0
186,7,2608.14,18257.0,37,1,2,1,3,0
187,3,1973.0,5919.0,30,1,1,0,1,1
188,4,2728.0,10912.0,19,2,0,0,2,2
189,9,2135.11,19216.0,50,3,1,2,3,0
190,2,2587.5,5175.0,17,0,1,1,0,2
191,6,2755.17,16531.0,56,3,2,1,0,0
192,7,2457.14,17200.0,2,3,2,2,0,0
193,7,3107.72,21754.05,75,3,2,0,2,0
194,8,2726.75,21814.0,14,1,2,3,2,0
195,5,3608.2,18041.0,6,0,3,1,1,2
196,6,2324.17,13945.0,43,2,2,1,1,0
197,3,2617.0,7851.0,19,0,0,2,1,2
198,6,2923.0,17538.0,29,0,1,3,2,0
199,4,2670.0,10680.0,72,0,0,3,1,2
200,2,2211.0,4422.0,90,1,0,0,1,1
201,5,1523.6,7618.0,94,1,1,1,2,1
202,10,2980.6,29806.0,3,3,3,2,2,0
203,6,2650.17,15901.0,25,3,2,0,1,0
204,4,1952.5,7810.0,34,3,1,0,0,1
205,3,2757.33,8272.0,31,2,0,0,1,2
206,2,1725.0,3450.0,23,1,0,0,1,1
207,6,3498.5,20991.0,26,1,1,1,3,0
208,4,2148.0,8592.0,64,2,1,0,1,1
209,4,954.75,3819.0,6,1,1,0,2,1
210,3,3839.33,11518.0,21,0,0,2,1,2
211,4,2614.0,10456.0,62,0,2,1,1,2
212,2,2102.0,4204.0,81,0,1,0,1,1
213,5,953.2,4766.0,30,0,1,0,4,1
214,5,2288.0,11440.0,89,2,1,1,1,1
215,6,2285.5,13713.0,6,1,2,0,3,0
216,6,2610.5,15663.0,30,0,2,1,3,0
217,8,2375.88,19007.0,33,2,1,4,1,0
218,4,2586.5,10346.0,3,2,2,0,0,2
219,6,1762.5,10575.0,3,3,1,2,0,0
220,7,2534.43,17741.0,69,3,2,1,1,0
221,2,3640.0,7280.0,63,0,1,0,1,2
222,6,3859.0,23154.0,33,0,1,2,3,0
223,6,1799.5,10797.0,19,2,1,1,2,0
224,4,2318.0,9272.0,0,0,2,0,2,2
225,4,2824.0,11296.0,16,0,1,1,2,2
226,2,3878.5,7757.0,69,1,1,0,0,2
227,5,1988.2,9941.0,5,0,2,1,2,2
228,6,2328.17,13969.0,66,3,2,1,0,0
229,3,1991.33,5974.0,34,0,2,1,0,1
230,5,2357.21,11786.05,75,1,3,0,1,1
231,5,1535.21,7676.05,27,0,2,3,0,1
232,4,3838.25,15353.0,7,0,0,3,1,2
233,5,2187.2,10936.0,55,1,0,0,4,1
234,6,2321.0,13926.0,19,2,3,1,0,0
235,2,3898.5,7797.0,79,1,0,0,1,2
236,6,2343.83,14063.0,52,1,2,2,1,0
237,1,4888.0,4888.0,73,1,0,0,0,2
238,2,1633.5,3267.0,41,1,0,0,1,1
239,4,2020.5,8082.0,45,0,0,1,3,1
240,7,1957.0,13699.0,27,2,4,0,1,0
241,8,2302.62,18421.0,3,0,5,2,1,0
242,4,3926.5,15706.0,14,0,1,3,0,2
243,5,2419.4,12097.0,59,0,2,2,1,2
244,10,2535.6,25356.0,13,1,1,2,6,0
245,8,2545.5,20364.0,88,3,3,1,1,0
246,8,1636.88,13095.0,28,3,2,1,2,0
247,6,2029.33,12176.0,10,3,1,1,1,0
248,3,2810.0,8430.0,57,1,0,1,1,2
249,5,3354.2,16771.0,23,1,2,1,1,2
250,3,2244.0,6732.0,67,0,0,1,2,1
251,3,1499.0,4497.0,74,0,1,1,1,1
252,2,1727.0,3454.0,62,0,0,1,1,1
253,6,2394.17,14365.05,29,1,3,1,1,0
254,5,3389.4,16947.0,24,0,2,2,1,2
255,4,2424.75,9699.0,42,0,1,1,2,2
256,3,1633.33,4900.0,134,0,0,3,0,1
257,5,2091.4,10457.0,18,0,2,1,2,2
258,6,3347.17,20083.0,20,0,1,3,2,0
259,7,3566.0,24962.0,53,4,2,0,1,0
260,9,2719.56,24476.0,4,3,1,3,2,0
261,5,2198.8,10994.0,75,0,2,1,2,1
262,7,3195.43,22368.0,49,2,2,2,1,0
263,7,1952.29,13666.0,18,2,0,3,2,0
264,4,1067.25,4269.0,16,0,3,0,1,1
265,5,2182.4,10912.0,102,1,1,1,2,1
266,2,818.0,1636.0,55,0,0,1,1,1
267,5,3034.8,15174.0,89,0,1,2,2,2
268,2,843.0,1686.0,21,0,0,1,1,1
269,5,1812.2,9061.0,32,0,0,3,2,2
270,6,2319.0,13914.0,14,1,2,2,1,0
271,7,1969.57,13787.0,60,1,2,2,2,0
272,5,2937.0,14685.0,13,2,2,1,0,2
273,7,2329.57,16307.0,3,1,0,5,1,0
274,4,1903.5,7614.0,33,1,0,1,2,1
275,5,1419.6,7098.0,35,1,3,1,0,1
276,8,3054.88,24439.05,28,2,2,4,0,0
277,4,2884.5,11538.0,6,0,2,2,0,2
278,7,2362.86,16540.0,0,0,1,2,4,0
279,6,1527.33,9164.0,37,1,1,2,2,1
280,2,2167.5,4335.0,156,0,1,1,0,1
281,7,3667.14,25670.0,65,3,0,3,1,0
282,1,2539.0,2539.0,64,0,0,0,1,1
283,6,2724.5,16347.0,14,0,2,3,1,0
284,3,3034.33,9103.0,71,0,0,2,1,2
285,5,3396.0,16980.0,38,2,0,3,0,2
286,7,2006.86,14048.0,44,3,3,1,0,0
287,6,1740.33,10442.0,49,1,2,2,1,0
288,7,2837.57,19863.0,32,2,1,3,1,0
289,3,2256.67,6770.0,36,0,0,2,1,1
290,8,3096.75,24774.0,24,2,2,2,2,0
291,2,2175.02,4350.05,86,0,0,1,1,1
292,3,1927.33,5782.0,7,0,1,2,0,1
293,3,2656.0,7968.0,12,1,1,0,1,2
294,7,1885.29,13197.0,8,0,1,2,4,0
295,6,3259.0,19554.0,35,0,1,2,3,0
296,5,2715.8,13579.0,40,2,1,1,1,2
297,8,2857.75,22862.0,73,2,2,2,2,0
298,4,3282.5,13130.0,46,2,1,1,0,2
299,2,4135.0,8270.0,63,0,0,0,2,2
300,5,1951.61,9758.05,99,1,2,2,0,1
301,5,3857.4,19287.0,16,1,1,2,1,2
302,7,2523.14,17662.0,8,1,3,1,2,0
303,5,2297.4,11487.0,5,1,1,1,2,2
304,8,1966.38,15731.0,31,3,3,1,1,0
305,4,3168.25,12673.0,47,0,1,2,1,2
306,3,2842.67,8528.0,91,1,1,1,0,1
307,9,1968.44,17716.0,10,1,3,4,1,0
308,10,2646.2,26462.0,30,2,4,3,1,0
309,3,2583.33,7750.0,2,1,1,0,1,2
310,8,1977.62,15821.0,47,3,2,2,1,0
311,3,1682.67,5048.0,33,1,0,2,0,1
312,7,2998.29,20988.0,120,2,3,0,2,0
313,4,2054.25,8217.0,55,1,0,2,1,1
314,4,2501.25,10005.0,54,0,1,0,3,1
315,1,4825.0,4825.0,114,0,0,1,0,2
316,6,2951.33,17708.0,8,1,1,2,2,0
317,4,2425.75,9703.0,77,0,1,1,2,1
318,3,3292.33,9877.0,39,1,1,0,1,2
319,3,2628.33,7885.0,13,0,2,0,1,2
320,8,2501.38,20011.05,0,1,3,1,3,0
321,6,2707.67,16246.0,5,3,0,2,1,0
322,2,2871.0,5742.0,5,1,0,1,0,2
323,1,2816.0,2816.0,50,0,0,1,0,1
324,2,1196.0,2392.0,8,1,1,0,0,1
325,4,3344.0,13376.0,30,1,0,3,0,2
326,3,2327.0,6981.0,60,1,0,1,1,1
327,2,1846.0,3692.0,11,0,0,1,1,1
328,5,1746.8,8734.0,46,0,2,1,2,1
329,7,2677.71,18744.0,20,1,3,1,2,0
330,6,3247.18,19483.05,17,2,1,1,2,0
331,6,2236.33,13418.0,69,3,0,1,2,0
332,4,1677.5,6710.0,2,1,1,2,0,1
333,8,2551.25,20410.0,49,1,1,3,3,0
334,5,2018.81,10094.05,84,2,0,0,3,1
335,5,2744.8,13724.0,40,2,1,1,1,2
336,7,1395.57,9769.0,7,3,0,1,3,0
337,6,3198.01,19188.05,23,1,1,1,3,0
338,6,4203.67,25222.0,0,5,1,0,0,0
339,6,2062.33,12374.0,55,2,1,1,2,0
340,5,2682.8,13414.0,36,3,1,0,1,2
341,4,2964.75,11859.0,18,1,0,2,1,2
342,8,3008.62,24069.0,14,1,2,4,1,0
343,5,2035.8,10179.0,0,4,1,0,0,2
344,3,1252.33,3757.0,95,2,1,0,0,1
345,6,2360.17,14161.0,8,3,2,0,1,0
346,6,2520.17,15121.0,27,2,1,2,1,0
347,4,3102.75,12411.0,2,1,2,0,1,2
348,6,2410.5,14463.0,104,2,1,3,0,0
349,5,2222.2,11111.0,8,2,0,3,0,2
350,5,3948.2,19741.0,43,0,3,0,2,2
351,11,2675.73,29433.0,30,4,3,3,1,0
352,4,3340.75,13363.0,30,3,0,1,0,2
353,3,2083.0,6249.0,0,0,1,1,1,2
354,4,2598.75,10395.0,154,1,2,0,1,1
355,1,4273.0,4273.0,168,1,0,0,0,1
356,5,3099.2,15496.0,32,1,4,0,0,2
357,7,3284.57,22992.0,1,1,1,2,3,0
358,2,949.0,1898.0,53,0,2,0,0,1
359,3,1383.33,4150.0,129,0,1,1,1,1
360,7,3509.57,24567.0,21,1,3,0,3,0
361,7,2671.57,18701.0,31,2,2,1,2,0
362,3,628.0,1884.0,26,0,1,2,0,1
363,6,4304.67,25828.0,17,0,1,1,4,0
364,2,4534.0,9068.0,45,0,1,1,0,2
365,5,3082.8,15414.0,32,1,1,2,1,2
366,5,2951.61,14758.05,6,1,3,0,1,2
367,4,2734.25,10937.0,39,0,2,2,0,2
368,7,2627.14,18390.0,4,2,3,1,1,0
369,5,2490.0,12450.0,22,1,2,1,1,2
370,7,2201.86,15413.0,14,1,2,3,1,0
371,2,4599.5,9199.0,109,0,1,0,1,2
372,8,3358.38,26867.0,43,3,1,3,1,0
373,5,3448.6,17243.0,23,1,3,1,0,2
374,6,2313.83,13883.0,61,2,1,1,2,0
375,4,1931.75,7727.0,5,1,1,0,2,1
376,6,3045.17,18271.0,4,2,1,1,2,0
377,4,900.0,3600.0,26,1,1,0,2,1
378,9,1805.23,16247.05,2,2,2,3,2,0
379,6,2436.67,14620.0,2,1,1,3,1,0
380,5,3062.2,15311.0,34,1,0,1,3,2
381,3,1026.0,3078.0,57,0,2,1,0,1
382,6,3509.67,21058.0,20,2,3,0,1,0
383,5,2249.6,11248.0,9,0,1,1,3,2
385,4,3589.25,14357.0,7,0,1,0,3,2
386,5,4402.6,22013.0,10,1,0,2,2,2
387,4,1424.25,5697.0,79,1,2,0,1,1
388,3,2432.0,7296.0,12,1,1,0,1,2
389,7,2566.01,17962.05,1,1,3,1,2,0
390,4,2328.5,9314.0,4,1,1,0,2,2
391,2,2500.0,5000.0,96,1,0,0,1,1
392,2,3748.5,7497.0,39,0,1,0,1,2
393,7,3195.0,22365.0,5,3,3,0,1,0
394,4,2251.75,9007.0,15,2,1,1,0,2
395,4,1591.25,6365.0,19,1,0,2,1,1
396,5,3884.21,19421.05,6,1,1,2,1,2
397,3,1954.0,5862.0,33,0,1,1,1,1
398,4,3004.0,12016.0,25,0,1,1,2,2
399,5,2101.4,10507.0,27,3,0,1,1,2
400,5,3585.0,17925.0,1,0,2,1,2,2
401,3,2907.33,8722.0,75,1,1,1,0,2
402,5,2899.6,14498.0,19,2,1,2,0,2
403,3,3151.33,9454.0,90,0,2,0,1,1
404,2,803.5,1607.0,73,1,1,0,0,1
405,7,2293.29,16053.05,1,0,0,3,4,0
406,4,1826.5,7306.0,26,0,2,2,0,1
407,5,1923.8,9619.0,26,2,0,2,1,2
408,3,3497.0,10491.0,32,0,1,1,1,2
409,5,1951.4,9757.0,110,1,0,2,2,1
410,6,3537.67,21226.0,45,3,1,1,1,0
411,2,3588.02,7176.05,22,1,0,0,1,2
412,6,2228.33,13370.0,57,2,1,3,0,0
413,6,2728.68,16372.05,48,1,0,3,2,0
414,2,4001.0,8002.0,2,0,1,0,1,2
415,4,1822.75,7291.0,58,1,3,0,0,1
416,7,2949.58,20647.05,40,1,2,0,4,0
418,2,3851.5,7703.0,18,1,0,1,0,2
419,9,2314.22,20828.0,4,3,2,2,2,0
420,9,1972.67,17754.05,54,1,4,1,3,0
421,4,2416.25,9665.0,66,2,1,1,0,1
422,5,3618.41,18092.05,124,0,0,4,1,2
423,9,2226.89,20042.0,7,1,3,2,3,0
424,7,2408.57,16860.0,31,1,2,1,3,0
425,2,3864.0,7728.0,75,1,1,0,0,2
426,4,2999.25,11997.0,59,1,0,2,1,2
427,2,2875.0,5750.0,31,1,0,1,0,2
428,9,1738.67,15648.0,2,4,2,2,1,0
429,5,3096.4,15482.0,119,1,0,2,2,2
430,3,2618.67,7856.0,92,0,1,2,0,1
431,3,2403.0,7209.0,2,0,3,0,0,2
432,6,1709.67,10258.0,24,2,0,4,0,0
434,3,4390.33,13171.0,13,2,1,0,0,2
435,6,1980.5,11883.0,21,1,1,2,2,0
436,2,3259.0,6518.0,122,1,0,1,0,1
437,5,2601.6,13008.0,12,1,1,0,3,2
438,4,2484.25,9937.0,8,1,2,1,0,2
439,6,2370.5,14223.0,6,1,1,1,3,0
440,4,2452.75,9811.0,33,0,0,1,3,2
441,7,1789.14,12524.0,9,2,3,1,1,0
442,5,2579.2,12896.0,58,1,1,2,1,2
443,4,2345.25,9381.0,37,2,1,1,0,2
444,9,2035.67,18321.0,18,1,1,5,2,0
445,4,3337.5,13350.0,80,1,1,0,2,2
446,7,2895.29,20267.0,61,5,1,0,1,0
447,3,2368.0,7104.0,25,0,3,0,0,1
448,1,4532.0,4532.0,73,1,0,0,0,2
449,5,3126.6,15633.0,15,1,2,1,1,2
450,9,2907.45,26167.05,22,2,1,2,4,0
451,1,1574.0,1574.0,101,0,1,0,0,1
452,4,1495.75,5983.0,35,0,2,1,1,1
453,4,1393.25,5573.0,2,0,2,1,1,1
454,5,2456.8,12284.0,28,3,0,2,0,2
455,4,1703.75,6815.0,41,2,1,0,1,1
456,7,2382.14,16675.0,5,0,2,5,0,0
457,3,2256.0,6768.0,22,1,2,0,0,1
458,4,2455.25,9821.0,20,1,2,1,0,2
459,6,2981.33,17888.0,25,0,1,3,2,0
460,4,2713.76,10855.05,5,0,3,0,1,2
461,3,3585.67,10757.0,157,0,2,0,1,1
462,6,1533.83,9203.0,79,2,2,2,0,1
463,8,2461.5,19692.0,1,1,3,2,2,0
464,5,2287.8,11439.0,55,1,3,1,0,1
465,7,2774.57,19422.0,69,2,1,1,3,0
466,10,1805.5,18055.0,17,1,5,3,1,0
467,3,4278.35,12835.05,45,0,0,3,0,2
468,8,2276.25,18210.0,65,3,3,0,2,0
469,3,2064.67,6194.0,49,0,1,1,1,1
470,3,2596.33,7789.0,31,2,0,1,0,2
471,8,1778.0,14224.0,28,2,1,4,1,0
472,2,2746.5,5493.0,118,1,1,0,0,1
473,5,3537.8,17689.0,8,0,2,1,2,2
474,7,2146.0,15022.0,13,0,5,2,0,0
475,9,2502.56,22523.0,32,1,2,2,4,0
476,6,2902.0,17412.0,29,1,2,1,2,0
477,2,4132.5,8265.0,72,1,1,0,0,2
478,5,2211.8,11059.0,39,0,0,5,0,2
479,2,2647.0,5294.0,39,1,0,0,1,1
480,4,2121.75,8487.0,25,0,1,2,1,2
481,3,1838.67,5516.0,32,1,1,1,0,1
482,2,2918.5,5837.0,26,1,1,0,0,2
483,7,3194.29,22360.0,20,2,1,1,3,0
484,10,2171.6,21716.0,7,2,4,2,2,0
485,2,1871.5,3743.0,99,1,0,0,1,1
486,2,2828.5,5657.0,24,0,1,1,0,2
487,3,1891.33,5674.0,47,1,0,1,1,1
488,4,2866.75,11467.0,102,1,1,1,1,1
489,5,2812.0,14060.0,26,0,3,1,1,2
490,5,2350.61,11753.05,3,1,2,1,1,2
491,3,3028.33,9085.0,3,3,0,0,0,2
492,4,2073.51,8294.05,62,0,1,1,2,1
493,6,1521.01,9126.05,10,1,3,1,1,0
494,5,4204.4,21022.0,46,2,0,1,2,2
495,4,2193.0,8772.0,61,1,0,1,2,1
496,4,1364.5,5458.0,23,1,3,0,0,1
497,5,2998.0,14990.0,8,0,2,1,2,2
498,6,3055.5,18333.0,84,0,3,2,1,0
499,5,2411.6,12058.0,13,0,2,2,1,2
500,7,3448.71,24141.0,4,1,1,2,3,0
501,5,2975.8,14879.0,6,1,2,1,1,2
502,2,2003.0,4006.0,36,0,1,0,1,1
503,5,1698.8,8494.0,95,2,2,0,1,1
504,4,1037.25,4149.0,66,1,0,1,2,1
505,2,2325.0,4650.0,57,0,0,2,0,1
506,10,2521.2,25212.0,11,4,2,2,2,0
507,4,2298.5,9194.0,36,0,1,1,2,2
508,5,2311.0,11555.0,25,1,3,0,1,2
509,7,3236.29,22654.0,3,1,4,0,2,0
510,4,3276.5,13106.0,12,0,1,2,1,2
511,10,2771.9,27719.0,7,4,1,4,1,0
512,6,1838.5,11031.0,89,1,1,2,2,1
513,5,1972.6,9863.0,9,2,0,1,2,2
514,4,2175.5,8702.0,0,1,0,1,2,2
515,4,3167.5,12670.0,10,2,0,1,1,2
516,7,3569.01,24983.05,6,5,1,1,0,0
517,3,434.33,1303.0,45,1,1,1,0,1
518,7,2529.43,17706.0,7,2,3,1,1,0
519,7,3098.14,21687.0,1,3,2,1,1,0
520,8,3297.25,26378.0,14,2,3,2,1,0
521,3,3615.67,10847.0,36,1,2,0,0,2
522,9,2586.56,23279.0,14,1,2,3,3,0
523,3,2573.67,7721.0,44,0,2,1,0,1
524,3,2118.33,6355.0,124,1,0,1,1,1
525,8,2192.12,17537.0,13,4,0,2,2,0
526,7,2258.43,15809.0,4,2,2,3,0,0
527,9,1895.45,17059.05,2,3,1,2,3,0
528,7,2680.57,18764.0,57,3,1,1,2,0
529,5,2541.2,12706.0,7,2,0,3,0,2
530,11,3389.18,37281.0,19,4,3,0,4,0
531,5,1982.0,9910.0,101,1,1,0,3,1
532,5,1532.8,7664.0,52,2,1,2,0,1
533,7,2068.71,14481.0,15,1,2,1,3,0
534,5,2521.6,12608.0,11,2,0,2,1,2
535,5,3632.41,18162.05,1,2,0,2,1,2
536,4,2826.0,11304.0,20,2,0,1,1,2
537,7,2695.44,18868.05,1,0,1,4,2,0
538,5,3001.2,15006.0,5,0,2,1,2,2
539,3,2719.67,8159.0,136,0,2,0,1,1
540,7,1778.86,12452.0,71,3,1,1,2,0
541,4,2994.5,11978.0,43,3,0,1,0,2
542,8,2379.63,19037.05,1,1,2,2,3,0
543,5,2742.6,13713.0,10,1,0,2,2,2
544,5,2033.8,10169.0,24,4,0,0,1,2
545,2,1929.5,3859.0,12,1,0,0,1,1
546,2,2037.0,4074.0,45,0,0,1,1,1
547,3,620.0,1860.0,19,1,0,2,0,1
548,7,2214.58,15502.05,4,1,2,3,1,0
549,4,3626.5,14506.0,24,0,0,3,1,2
550,5,2432.4,12162.0,122,3,0,1,1,1
551,1,820.0,820.0,72,0,0,1,0,1
552,4,2891.26,11565.05,25,1,0,0,3,2
553,4,2057.75,8231.0,8,0,1,1,2,2
554,2,4271.0,8542.0,112,0,1,1,0,2
555,6,2657.0,15942.0,23,1,2,3,0,0
556,1,2167.0,2167.0,189,0,0,1,0,1
557,8,2478.12,19825.0,11,1,1,3,3,0
558,3,1149.33,3448.0,36,0,1,0,2,1
559,4,3644.76,14579.05,107,0,2,2,0,2
560,6,2236.17,13417.0,13,1,1,3,1,0
561,6,1824.83,10949.0,29,0,1,3,2,0
562,6,2333.5,14001.0,9,1,2,1,2,0
563,3,3090.0,9270.0,54,1,1,1,0,2
564,3,1430.67,4292.0,85,0,3,0,0,1
565,7,1891.43,13240.0,20,2,1,2,2,0
566,5,1634.4,8172.0,18,1,1,2,1,1
567,5,2984.01,14920.05,12,1,0,2,2,2
568,6,2388.33,14330.0,9,3,0,1,2,0
569,4,2778.0,11112.0,149,1,2,0,1,1
570,7,2859.01,20013.05,15,2,2,3,0,0
571,2,3660.5,7321.0,74,0,0,1,1,2
572,1,2123.0,2123.0,147,0,0,0,1,1
573,4,4023.25,16093.0,9,2,0,1,1,2
574,4,4133.75,16535.0,18,2,1,0,1,2
575,8,2653.38,21227.0,10,3,2,3,0,0
576,4,3614.0,14456.0,73,1,2,0,1,2
577,5,2673.6,13368.0,5,2,1,1,1,2
578,3,2216.0,6648.0,16,0,2,0,1,1
579,8,2538.62,20309.0,1,3,2,2,1,0
580,4,2773.0,11092.0,16,3,0,0,1,2
581,7,1712.57,11988.0,26,3,1,2,1,0
582,2,3816.0,7632.0,15,1,0,0,1,2
583,6,3379.83,20279.0,66,2,1,2,1,0
584,7,2940.29,20582.05,0,3,1,1,2,0
585,2,1517.5,3035.0,22,0,1,1,0,1
586,5,2559.2,12796.0,5,1,1,1,2,2
587,7,2633.58,18435.05,4,2,1,2,2,0
588,3,3602.0,10806.0,35,0,2,0,1,2
589,3,3448.02,10344.05,11,0,0,2,1,2
590,8,1960.62,15685.0,68,4,1,0,3,0
591,7,3041.57,21291.0,9,2,2,1,2,0
592,4,1800.0,7200.0,46,0,1,2,1,1
593,3,2018.67,6056.0,55,0,0,1,2,1
594,6,2741.33,16448.0,0,1,1,2,2,0
595,4,1899.0,7596.0,77,4,0,0,0,1
596,6,2257.67,13546.0,50,2,1,1,2,0
597,4,2647.25,10589.0,41,2,0,1,1,2
598,5,2480.6,12403.0,5,0,2,1,2,2
599,8,1631.0,13048.0,30,3,2,1,2,0
600,3,2155.33,6466.0,21,3,0,0,0,1
601,3,1856.67,5570.0,53,0,1,0,2,1
602,3,1523.02,4569.05,38,0,1,2,0,1
603,4,3389.0,13556.0,32,1,1,2,0,2
604,3,866.0,2598.0,45,0,1,1,1,1
605,5,1022.8,5114.0,10,2,2,1,0,1
606,6,1934.5,11607.0,0,1,2,3,0,0
607,2,3962.5,7925.0,26,0,1,1,0,2
608,3,2739.68,8219.05,111,1,1,0,1,1
609,3,1951.0,5853.0,51,1,1,1,0,1
610,9,2790.23,25112.05,38,2,3,2,2,0
611,4,2972.25,11889.0,79,1,1,2,0,2
612,2,1501.0,3002.0,160,0,1,1,0,1
613,4,4191.5,16766.0,72,1,2,0,1,2
614,8,2134.38,17075.0,40,3,1,1,3,0
615,4,1647.25,6589.0,6,0,1,0,3,1
616,3,2655.0,7965.0,31,0,1,2,0,2
617,4,1686.5,6746.0,13,2,2,0,0,1
618,7,3984.57,27892.0,41,4,1,2,0,0
619,3,2431.0,7293.0,108,0,2,1,0,1
620,8,1751.38,14011.0,45,2,0,5,1,0
621,5,2515.6,12578.0,106,1,0,4,0,2
622,3,3096.0,9288.0,3,0,0,3,0,2
623,5,2864.4,14322.0,56,1,2,2,0,2
624,3,1466.0,4398.0,50,0,1,2,0,1
625,8,2538.5,20308.0,10,0,0,7,1,0
626,7,2618.86,18332.05,24,1,2,1,3,0
627,7,2027.14,14190.0,12,3,1,1,2,0
628,4,3437.0,13748.0,10,0,2,1,1,2
629,5,1716.8,8584.0,3,1,0,2,2,2
630,3,1887.67,5663.0,27,0,0,1,2,1
631,2,3222.0,6444.0,74,0,1,1,0,2
632,4,2589.25,10357.0,64,0,0,2,2,2
633,5,2395.6,11978.0,18,1,2,2,0,2
634,4,3433.0,13732.0,3,2,1,0,1,2
635,4,1669.25,6677.0,16,2,0,0,2,1
636,3,2166.68,6500.05,73,2,1,0,0,1
637,3,2605.0,7815.0,32,2,0,1,0,2
638,4,2318.5,9274.0,32,1,0,1,2,2
639,7,2050.71,14355.0,25,2,2,2,1,0
640,6,2525.67,15154.0,0,1,3,1,1,0
641,5,3344.0,16720.0,49,0,0,4,1,2
642,2,1262.0,2524.0,113,0,1,1,0,1
643,5,1686.4,8432.0,54,0,0,2,3,1
644,6,2458.67,14752.0,29,1,1,3,1,0
645,5,1198.0,5990.0,15,2,2,1,0,1
646,7,2446.86,17128.0,11,2,0,1,4,0
647,6,1858.17,11149.0,24,2,1,2,1,0
648,5,2411.0,12055.0,11,2,1,0,2,2
649,11,2705.91,29765.0,10,4,3,1,3,0
650,3,1005.33,3016.0,30,0,1,1,1,1
651,3,2071.67,6215.0,130,1,2,0,0,1
652,5,2168.8,10844.0,15,1,1,1,2,2
653,3,3219.67,9659.0,35,1,0,1,1,2
654,6,2096.0,12576.0,18,1,2,1,2,0
655,4,2286.25,9145.0,46,1,2,0,1,1
656,5,3089.8,15449.0,31,1,2,1,1,2
657,5,2313.0,11565.0,40,1,1,1,2,2
658,5,2248.41,11242.05,47,1,2,0,2,1
659,7,1819.0,12733.0,2,3,1,2,1,0
660,3,2014.0,6042.0,84,0,1,0,2,1
661,4,1346.25,5385.0,15,3,0,0,1,1
662,2,3962.5,7925.0,51,0,0,2,0,2
663,5,1744.0,8720.0,11,0,2,1,2,1
664,7,2831.14,19818.0,4,3,2,1,1,0
665,3,2701.67,8105.0,40,1,1,1,0,2
666,4,2633.5,10534.0,40,1,2,1,0,2
667,6,1935.5,11613.0,30,1,1,2,2,0
668,3,1562.67,4688.0,10,0,1,1,1,1
669,7,1273.43,8914.0,29,2,1,2,2,0
670,8,2522.12,20177.0,6,3,0,3,2,0
671,6,1809.33,10856.0,32,1,1,2,2,0
672,2,1119.0,2238.0,33,0,0,0,2,1
673,4,2590.01,10360.05,4,0,2,2,0,2
674,4,2231.25,8925.0,91,0,1,1,2,1
675,6,1866.0,11196.0,31,1,2,2,1,0
676,5,2796.6,13983.0,57,1,2,1,1,2
677,5,2421.4,12107.0,80,3,1,0,1,1
678,6,3811.51,22869.05,22,1,0,2,3,0
679,5,2965.41,14827.05,21,1,0,2,2,2
680,5,2321.61,11608.05,11,1,1,3,0,2
681,2,3952.5,7905.0,157,0,1,0,1,1
682,1,1846.0,1846.0,150,0,0,1,0,1
683,5,3174.8,15874.0,22,0,1,1,3,2
684,9,2146.44,19318.0,35,1,1,5,2,0
685,6,2377.33,14264.0,90,2,0,1,3,0
686,6,2516.33,15098.0,43,1,1,3,1,0
687,4,2871.25,11485.0,9,1,1,1,1,2
688,4,2032.0,8128.0,40,1,1,1,1,1
689,3,3304.67,9914.0,11,2,0,0,1,2
690,9,3258.22,29324.0,18,1,3,5,0,0
691,5,3129.6,15648.0,65,1,1,2,1,2
692,5,3681.81,18409.05,12,1,3,1,0,2
693,2,1507.0,3014.0,16,1,0,0,1,1
694,7,2467.14,17270.0,0,3,0,1,3,0
695,6,3076.84,18461.05,42,2,2,1,1,0
696,3,2803.0,8409.0,66,0,0,1,2,2
697,5,639.0,3195.0,50,2,2,0,1,1
698,7,2285.86,16001.0,76,2,3,0,2,0
699,4,1305.25,5221.0,31,0,3,1,0,1
700,2,834.5,1669.0,137,1,0,1,0,1
701,5,2328.0,11640.0,1,0,1,2,2,2
702,13,2524.0,32812.0,9,3,3,2,5,0
703,3,1363.35,4090.05,58,1,0,1,1,1
704,7,2288.14,16017.0,36,0,2,2,3,0
705,7,2224.14,15569.0,27,3,2,1,1,0
706,3,3589.0,10767.0,78,2,0,0,1,2
707,3,2311.67,6935.0,25,1,1,0,1,1
708,3,2060.33,6181.0,96,1,1,1,0,1
709,4,2687.75,10751.0,112,1,1,1,1,1
710,4,3453.25,13813.0,57,1,1,2,0,2
711,3,1820.33,5461.0,62,1,0,0,2,1
712,2,1445.0,2890.0,90,0,1,0,1,1
713,4,1635.25,6541.0,47,1,1,0,2,1
714,3,2022.0,6066.0,19,0,1,0,2,1
715,5,1470.2,7351.0,88,1,2,1,1,1
716,6,2541.5,15249.0,11,1,1,2,2,0
717,8,2763.0,22104.0,37,1,2,3,2,0
718,5,1908.0,9540.0,82,0,3,2,0,1
719,5,1741.0,8705.0,14,0,0,2,3,2
720,2,4852.0,9704.0,13,1,1,0,0,2
721,6,2767.17,16603.0,8,2,1,1,2,0
722,7,2755.57,19289.0,66,1,0,0,6,0
723,3,2088.67,6266.0,48,1,0,0,2,1
724,5,2333.61,11668.05,18,3,0,1,1,2
725,6,2426.33,14558.0,49,0,2,1,3,0
726,8,2871.0,22968.0,12,1,0,3,4,0
727,5,2537.4,12687.0,4,0,1,3,1,2
728,7,2015.0,14105.0,38,4,0,2,1,0
729,1,4559.0,4559.0,6,0,1,0,0,2
730,4,1975.5,7902.0,5,0,1,1,2,2
731,2,3464.0,6928.0,54,0,0,1,1,2
732,8,3505.5,28044.0,43,1,1,2,4,0
733,4,2939.0,11756.0,0,1,0,2,1,2
734,1,1835.0,1835.0,153,1,0,0,0,1
735,2,3565.5,7131.0,71,0,0,0,2,2
736,6,2471.33,14828.0,65,1,1,3,1,0
737,2,3489.5,6979.0,118,0,2,0,0,1
738,3,2391.33,7174.0,71,2,0,1,0,1
739,3,1349.33,4048.0,51,0,2,0,1,1
740,5,2576.2,12881.0,93,0,1,2,2,2
741,4,2114.0,8456.0,34,0,0,4,0,2
742,2,2183.5,4367.0,104,1,0,0,1,1
743,8,2017.88,16143.0,28,0,0,3,5,0
744,4,2660.01,10640.05,15,1,0,2,1,2
745,2,3578.0,7156.0,149,0,1,0,1,1
746,3,2959.0,8877.0,3,0,0,1,2,2
747,4,3453.25,13813.0,11,0,1,2,1,2
748,5,3243.4,16217.0,4,1,1,0,3,2
749,4,2847.0,11388.0,10,0,2,0,2,2
750,5,1693.6,8468.0,56,0,2,1,2,1
751,6,2769.67,16618.0,26,1,1,3,1,0
752,3,1621.67,4865.0,114,0,1,1,1,1
753,5,2569.8,12849.0,44,2,0,2,1,2
754,6,2328.0,13968.0,21,0,1,3,2,0
755,5,2651.4,13257.0,9,2,2,1,0,2
756,9,2666.67,24000.0,5,1,5,1,2,0
757,7,1709.43,11966.0,10,2,3,1,1,0
758,7,2708.0,18956.0,3,3,1,0,3,0
759,7,2296.29,16074.0,57,0,2,2,3,0
760,5,2604.0,13020.0,4,2,0,2,1,2
761,9,2029.22,18263.0,42,4,2,1,2,0
762,8,2781.88,22255.05,15,2,1,4,1,0
763,3,1859.33,5578.0,54,1,1,1,0,1
764,6,2449.83,14699.0,56,0,4,0,2,0
765,3,2093.0,6279.0,77,2,0,0,1,1
766,6,3323.5,19941.0,0,2,2,0,2,0
767,3,1666.33,4999.0,84,0,1,2,0,1
768,6,2890.0,17340.0,26,3,3,0,0,0
769,2,1021.5,2043.0,133,0,0,1,1,1
770,6,2303.17,13819.0,43,0,4,1,1,0
771,6,2699.5,16197.0,23,3,2,0,1,0
772,5,3617.8,18089.0,65,3,0,2,0,2
773,5,2948.0,14740.0,2,3,1,1,0,2
774,6,2742.83,16457.0,3,1,4,0,1,0
775,9,1960.89,17648.0,7,1,3,4,1,0
776,6,2104.83,12629.0,1,1,1,2,2,0
777,3,1336.33,4009.0,19,1,1,0,1,1
778,6,3306.51,19839.05,35,0,1,3,2,0
779,1,3867.0,3867.0,155,1,0,0,0,1
780,6,2444.83,14669.0,21,1,4,0,1,0
781,3,1790.33,5371.0,35,1,0,1,1,1
782,6,2261.5,13569.0,50,2,1,1,2,0
783,9,2896.78,26071.0,62,2,1,3,3,0
784,4,2603.0,10412.0,52,1,1,2,0,2
785,8,1950.12,15601.0,19,2,3,0,3,0
786,9,2674.44,24070.0,3,1,2,3,3,0
787,7,2508.71,17561.0,12,0,2,3,2,0
788,4,3296.0,13184.0,91,0,3,1,0,2
789,3,4073.67,12221.0,19,0,3,0,0,2
790,9,2826.67,25440.0,1,2,3,3,1,0
791,1,3821.0,3821.0,197,0,1,0,0,1
792,8,3003.38,24027.0,75,2,4,1,1,0
793,7,2051.57,14361.0,7,0,5,2,0,0
794,13,2692.23,34999.05,22,5,5,1,2,0
795,7,3904.43,27331.0,28,2,2,2,1,0
796,2,1980.5,3961.0,14,0,1,0,1,1
797,6,2579.33,15476.0,69,1,2,2,1,0
798,3,1620.0,4860.0,59,1,1,0,1,1
799,6,2340.83,14045.0,30,1,1,1,3,0
800,5,3524.0,17620.0,47,0,0,2,3,2
801,7,1649.0,11543.0,6,1,3,2,1,0
802,4,523.5,2094.0,34,0,4,0,0,1
803,5,2342.2,11711.0,62,1,1,2,1,2
804,3,2991.0,8973.0,64,0,2,0,1,2
805,5,2534.2,12671.0,50,0,3,0,2,2
806,9,1934.44,17410.0,13,5,0,3,1,0
807,4,2461.75,9847.0,105,1,2,0,1,1
808,7,3764.71,26353.0,8,2,2,1,2,0
810,7,2771.14,19398.0,18,1,2,3,1,0
811,4,2987.75,11951.0,85,0,1,2,1,2
812,4,2024.0,8096.0,44,2,0,0,2,1
813,7,3096.29,21674.0,17,2,4,1,0,0
814,10,2137.3,21373.0,1,1,2,5,2,0
815,2,3229.5,6459.0,41,0,1,0,1,2
816,3,3841.33,11524.0,2,2,0,1,0,2
817,4,2679.76,10719.05,5,2,2,0,0,2
818,7,1548.14,10837.0,66,4,0,1,2,0
819,8,2469.75,19758.0,10,0,4,4,0,0
820,3,1545.33,4636.0,137,1,0,1,1,1
821,7,2755.71,19290.0,60,1,4,2,0,0
822,3,3278.02,9834.05,141,1,1,1,0,1
823,7,3918.14,27427.0,22,3,1,3,0,0
824,6,1581.0,9486.0,7,2,2,1,1,0
825,6,3098.67,18592.0,6,4,1,1,0,0
826,3,2516.02,7548.05,12,1,0,1,1,2
827,4,2917.0,11668.0,44,2,1,1,0,2
828,9,2021.44,18193.0,8,5,2,1,1,0
829,2,2025.0,4050.0,42,0,1,0,1,1
830,7,3377.15,23640.05,16,1,4,2,0,0
831,4,3388.5,13554.0,23,1,2,1,0,2
832,7,2912.29,20386.0,110,1,4,1,1,0
833,10,2490.5,24905.0,6,2,3,3,2,0
834,8,2729.26,21834.05,7,0,2,4,2,0
835,4,2581.75,10327.0,23,2,1,1,0,2
836,6,2293.33,13760.0,2,4,0,1,1,0
837,6,1627.67,9766.0,29,1,2,2,1,0
838,3,1220.0,3660.0,97,1,1,1,0,1
839,4,2213.0,8852.0,40,0,1,3,0,2
840,7,2048.71,14341.0,0,1,1,1,4,0
841,1,3219.0,3219.0,15,0,1,0,0,2
842,6,2265.5,13593.0,41,1,3,1,1,0
843,6,1798.17,10789.0,22,1,1,0,4,0
844,5,3149.8,15749.0,32,3,1,0,1,2
845,7,3093.71,21656.0,20,2,0,2,3,0
846,4,2441.0,9764.0,8,0,1,1,2,2
847,9,2392.12,21529.05,40,3,2,2,2,0
848,4,2372.75,9491.0,46,0,2,0,2,1
849,7,2420.71,16945.0,46,0,2,2,3,0
850,8,3118.75,24950.0,19,3,2,2,1,0
851,4,1960.0,7840.0,48,1,1,1,1,1
852,5,2425.8,12129.0,27,1,1,2,1,2
853,8,1863.38,14907.05,36,2,4,0,2,0
854,9,3676.01,33084.05,21,4,2,2,1,0
855,6,2217.33,13304.0,0,3,0,1,2,0
856,6,2075.0,12450.0,2,2,1,2,1,0
857,4,4371.0,17484.0,130,0,0,2,2,2
858,3,3778.0,11334.0,81,0,1,2,0,2
859,6,2681.5,16089.0,38,2,2,1,1,0
860,3,1199.67,3599.0,112,1,2,0,0,1
861,4,1586.0,6344.0,62,3,0,1,0,1
862,4,2898.25,11593.0,41,0,1,2,1,2
863,3,3429.0,10287.0,25,2,0,0,1,2
864,12,2310.35,27724.15,2,2,2,4,4,0
865,10,2522.0,25220.05,37,3,1,4,2,0
866,4,3814.5,15258.0,2,1,1,0,2,2
867,5,2413.0,12065.0,40,1,2,1,1,2
868,4,2899.0,11596.0,51,0,1,2,1,2
869,6,2719.33,16316.0,37,2,1,0,3,0
870,3,1306.33,3919.0,33,2,0,0,1,1
871,9,2538.0,22842.0,13,3,3,2,1,0
872,5,3449.8,17249.0,10,3,0,2,0,2
873,5,1206.2,6031.0,7,3,0,1,1,1
874,5,2042.8,10214.0,15,0,2,2,1,2
875,3,1460.67,4382.0,98,1,1,0,1,1
876,5,1425.8,7129.0,29,0,1,2,2,1
877,3,2268.33,6805.0,44,0,0,3,0,2
878,3,3047.67,9143.0,112,0,1,1,1,1
879,4,2395.5,9582.0,23,0,2,1,1,2
880,4,2522.75,10091.0,32,1,1,1,1,2
881,5,2812.4,14062.0,29,1,1,1,2,2
882,3,2592.33,7777.0,58,1,1,1,0,1
883,4,2822.5,11290.0,3,2,0,1,1,2
884,4,2332.75,9331.0,45,1,2,0,1,1
885,11,2525.0,27775.0,8,2,4,2,3,0
886,8,3147.88,25183.0,4,5,0,2,1,0
887,4,2024.0,8096.0,28,0,0,3,1,2
888,4,1405.25,5621.0,3,1,1,1,1,1
889,3,2142.02,6426.05,105,0,3,0,0,1
890,4,1593.25,6373.0,138,3,0,0,1,1
891,3,3489.0,10467.0,100,1,2,0,0,2
892,3,2605.33,7816.0,68,1,1,0,1,1
893,6,3561.68,21370.05,43,1,1,3,1,0
894,3,2478.67,7436.0,38,2,1,0,0,1
895,8,1483.62,11869.0,2,2,1,3,2,0
896,5,1604.8,8024.0,89,1,4,0,0,1
897,6,1164.0,6984.0,24,1,3,0,2,1
898,8,2448.5,19588.0,4,4,1,1,2,0
899,5,2385.6,11928.0,23,1,1,3,0,2
900,4,2866.25,11465.0,36,3,1,0,0,2
901,2,1545.5,3091.0,27,1,1,0,0,1
902,6,2159.67,12958.0,21,1,0,2,3,0
903,6,2981.68,17890.05,14,1,1,3,1,0
904,8,2591.01,20728.05,8,2,2,2,2,0
905,8,2424.5,19396.0,16,7,0,0,1,0
906,5,2699.4,13497.0,16,3,1,0,1,2
907,2,1714.5,3429.0,28,1,0,0,1,1
908,3,2349.67,7049.0,8,1,0,0,2,2
909,6,2117.33,12704.0,51,0,0,3,3,0
910,5,2839.0,14195.0,17,3,0,1,1,2
911,5,2529.2,12646.0,46,1,1,0,3,2
912,5,2623.0,13115.0,100,0,3,1,1,1
913,4,2930.75,11723.0,129,0,0,2,2,1
914,5,2598.6,12993.0,5,1,1,1,2,2
915,8,2092.38,16739.0,17,4,0,0,4,0
916,9,2045.11,18406.0,31,3,1,3,2,0
917,6,2881.85,17291.1,5,1,3,0,2,0
918,4,2418.5,9674.0,1,1,1,1,1,2
919,4,2268.5,9074.0,1,2,1,1,0,2
920,3,1993.67,5981.0,130,0,1,0,2,1
921,4,2808.5,11234.0,27,0,2,1,1,2
922,1,286.0,286.0,75,0,0,0,1,1
923,11,1939.45,21334.0,2,2,1,3,5,0
924,6,2598.17,15589.0,28,2,2,1,1,0
925,7,3673.43,25714.0,7,2,1,3,1,0
926,7,2465.14,17256.0,10,1,1,4,1,0
927,3,2149.33,6448.0,11,0,1,0,2,1
928,7,2742.71,19199.0,23,3,3,1,0,0
929,2,667.5,1335.0,167,0,2,0,0,1
930,10,2386.1,23861.0,16,2,2,3,3,0
931,5,2364.2,11821.0,43,3,0,0,2,2
932,3,1373.33,4120.0,110,2,0,0,1,1
933,6,2893.0,17358.0,11,3,1,0,2,0
934,4,3301.75,13207.0,43,2,1,0,1,2
935,7,2307.86,16155.0,27,3,1,3,0,0
936,2,2557.5,5115.0,91,0,1,0,1,1
937,5,1743.4,8717.0,11,3,0,1,1,2
938,2,2138.0,4276.0,33,2,0,0,0,1
939,5,2489.2,12446.0,23,1,2,0,2,2
940,9,2312.0,20808.0,0,1,5,2,1,0
941,4,3709.01,14836.05,65,2,1,0,1,2
942,7,3177.43,22242.0,22,3,2,2,0,0
943,4,3145.75,12583.0,35,2,0,0,2,2
944,10,2801.0,28010.0,6,3,2,1,4,0
945,5,2265.2,11326.0,37,2,1,0,2,2
946,4,2015.5,8062.0,20,1,1,0,2,1
947,4,2663.75,10655.0,117,3,0,1,0,1
948,8,2051.5,16412.0,5,2,2,3,1,0
949,6,1747.33,10484.0,0,1,2,1,2,0
951,2,1045.5,2091.0,82,0,1,0,1,1
952,6,1761.0,10566.0,27,1,1,2,2,0
953,5,2647.8,13239.0,45,0,0,2,3,2
954,7,2122.43,14857.0,10,2,2,3,0,0
955,6,2874.0,17244.0,78,2,1,1,2,0
956,3,1316.0,3948.0,44,1,1,1,0,1
957,3,4117.0,12351.0,7,2,0,0,1,2
958,5,2988.4,14942.0,8,0,2,2,1,2
959,11,2786.73,30654.0,5,4,0,5,2,0
960,5,3163.8,15819.0,11,2,1,0,2,2
961,3,1408.67,4226.0,9,0,2,1,0,1
962,6,2109.0,12654.0,18,0,2,1,3,0
963,7,2438.0,17066.0,27,1,1,3,2,0
964,9,2713.33,24420.0,37,5,0,3,1,0
965,3,1628.0,4884.0,28,0,3,0,0,1
966,4,1696.75,6787.0,9,0,2,0,2,1
967,5,2580.0,12900.0,14,2,1,0,2,2
968,5,1322.2,6611.0,7,2,0,0,3,1
969,10,2685.2,26852.0,4,3,2,3,2,0
970,4,2983.5,11934.0,50,1,0,2,1,2
971,2,2082.0,4164.0,39,1,1,0,0,1
972,1,1065.0,1065.0,77,0,0,0,1,1
973,3,2811.0,8433.0,57,2,0,1,0,2
974,4,1520.25,6081.0,152,1,1,1,1,1
975,5,2239.41,11197.05,96,3,0,1,1,1
976,3,1808.0,5424.0,78,1,1,0,1,1
977,5,3975.01,19875.05,43,2,2,1,0,2
978,2,4023.5,8047.0,14,0,1,1,0,2
979,3,1339.68,4019.05,20,2,0,0,1,1
980,5,2230.4,11152.0,49,1,1,1,2,2
981,3,2906.0,8718.0,173,0,1,0,2,1
982,8,2233.38,17867.0,22,2,1,0,5,0
983,5,2413.8,12069.0,52,1,0,0,4,2
984,6,2691.0,16146.0,24,2,2,2,0,0
985,4,2692.5,10770.0,13,0,0,2,2,2
986,5,3007.2,15036.0,9,1,0,3,1,2
987,8,3000.0,24000.0,34,2,2,3,1,0
988,8,2020.62,16165.0,4,0,2,2,4,0
989,5,2748.6,13743.0,8,1,1,2,1,2
990,5,3120.6,15603.0,6,1,0,2,2,2
991,5,3361.0,16805.0,1,0,2,2,1,2
992,9,1934.22,17408.0,10,5,2,0,2,0
993,6,3670.67,22024.0,10,1,4,0,1,0
994,10,2706.4,27064.0,16,1,2,6,1,0
995,7,2449.29,17145.05,22,2,1,3,1,0
996,3,1924.33,5773.0,22,0,1,1,1,1
997,4,2205.51,8822.05,17,0,3,0,1,1
998,5,2842.2,14211.0,2,2,1,1,1,2
999,9,2662.44,23962.0,14,2,5,2,0,0
1000,6,1608.67,9652.0,37,0,2,3,1,0
